Run,Assay Type,AvgSpotLen,Bases,BioProject,BioSample,Bytes,cell_type,Center Name,Consent,DATASTORE filetype,DATASTORE provider,DATASTORE region,Experiment,GEO_Accession (exp),Individual,infection,Instrument,LibraryLayout,LibrarySelection,LibrarySource,Organism,Platform,ReleaseDate,create_date,version,Sample Name,source_name,SRA Study,Time
SRR3471621,RNA-Seq,100,3156113800,PRJNA320361,SAMN04932960,2283204068,macrophage,GEO,public,"run.zq,sra","gs,ncbi,s3","gs.us-east1,ncbi.public,s3.us-east-1",SRX1738979,GSM2141236,AF11,Listeria,Illumina HiSeq 2000,SINGLE,cDNA,TRANSCRIPTOMIC,Homo sapiens,ILLUMINA,2016-09-07T00:00:00Z,2016-05-03T10:55:00Z,1,GSM2141236,Macrophages,SRP074274,2 hr
SRR3471622,RNA-Seq,100,3034084400,PRJNA320361,SAMN04932961,2209850745,macrophage,GEO,public,"run.zq,sra","gs,ncbi,s3","gs.us-east1,ncbi.public,s3.us-east-1",SRX1738980,GSM2141237,AF11,Non-infected,Illumina HiSeq 2000,SINGLE,cDNA,TRANSCRIPTOMIC,Homo sapiens,ILLUMINA,2016-09-07T00:00:00Z,2016-05-03T11:03:00Z,1,GSM2141237,Macrophages,SRP074274,2 hr
SRR3471623,RNA-Seq,100,3585909100,PRJNA320361,SAMN04932962,2597117935,macrophage,GEO,public,"run.zq,sra","gs,ncbi,s3","gs.us-east1,ncbi.public,s3.us-east-1",SRX1738981,GSM2141238,AF11,Salmonella,Illumina HiSeq 2000,SINGLE,cDNA,TRANSCRIPTOMIC,Homo sapiens,ILLUMINA,2016-09-07T00:00:00Z,2016-05-03T10:56:00Z,1,GSM2141238,Macrophages,SRP074274,2 hr
SRR3471624,RNA-Seq,100,4585421800,PRJNA320361,SAMN04932963,2935161277,macrophage,GEO,public,"run.zq,sra","gs,ncbi,s3","gs.us-east1,ncbi.public,s3.us-east-1",SRX1738982,GSM2141239,AF17,Listeria,Illumina HiSeq 2000,SINGLE,cDNA,TRANSCRIPTOMIC,Homo sapiens,ILLUMINA,2016-09-07T00:00:00Z,2016-05-03T11:09:00Z,1,GSM2141239,Macrophages,SRP074274,2 hr
SRR3471625,RNA-Seq,100,3565885300,PRJNA320361,SAMN04932964,2266760289,macrophage,GEO,public,"run.zq,sra","gs,ncbi,s3","gs.us-east1,ncbi.public,s3.us-east-1",SRX1738983,GSM2141240,AF17,Non-infected,Illumina HiSeq 2000,SINGLE,cDNA,TRANSCRIPTOMIC,Homo sapiens,ILLUMINA,2016-09-07T00:00:00Z,2016-05-03T11:30:00Z,1,GSM2141240,Macrophages,SRP074274,2 hr
SRR3471626,RNA-Seq,100,2241425100,PRJNA320361,SAMN04932965,1434243022,macrophage,GEO,public,"run.zq,sra","gs,ncbi,s3","gs.us-east1,ncbi.public,s3.us-east-1",SRX1738984,GSM2141241,AF17,Salmonella,Illumina HiSeq 2000,SINGLE,cDNA,TRANSCRIPTOMIC,Homo sapiens,ILLUMINA,2016-09-07T00:00:00Z,2016-05-03T10:54:00Z,1,GSM2141241,Macrophages,SRP074274,2 hr
SRR3471627,RNA-Seq,100,4137974500,PRJNA320361,SAMN04932966,2972341267,macrophage,GEO,public,"run.zq,sra","gs,ncbi,s3","gs.us-east1,ncbi.public,s3.us-east-1",SRX1738985,GSM2141242,AF19,Listeria,Illumina HiSeq 2000,SINGLE,cDNA,TRANSCRIPTOMIC,Homo sapiens,ILLUMINA,2016-09-07T00:00:00Z,2016-05-03T11:43:00Z,1,GSM2141242,Macrophages,SRP074274,2 hr
SRR3471628,RNA-Seq,100,2802522700,PRJNA320361,SAMN04939503,2018586020,macrophage,GEO,public,"run.zq,sra","gs,ncbi,s3","gs.us-east1,ncbi.public,s3.us-east-1",SRX1738986,GSM2141243,AF19,Non-infected,Illumina HiSeq 2000,SINGLE,cDNA,TRANSCRIPTOMIC,Homo sapiens,ILLUMINA,2016-09-07T00:00:00Z,2016-05-03T11:02:00Z,1,GSM2141243,Macrophages,SRP074274,2 hr
SRR3471629,RNA-Seq,100,3475528600,PRJNA320361,SAMN04932973,2498616102,macrophage,GEO,public,"run.zq,sra","gs,ncbi,s3","gs.us-east1,ncbi.public,s3.us-east-1",SRX1738987,GSM2141244,AF19,Salmonella,Illumina HiSeq 2000,SINGLE,cDNA,TRANSCRIPTOMIC,Homo sapiens,ILLUMINA,2016-09-07T00:00:00Z,2016-05-03T10:56:00Z,1,GSM2141244,Macrophages,SRP074274,2 hr
SRR3471630,RNA-Seq,100,4355535900,PRJNA320361,SAMN04939504,3150671035,macrophage,GEO,public,"run.zq,sra","gs,ncbi,s3","gs.us-east1,ncbi.public,s3.us-east-1",SRX1738988,GSM2141245,AF21,Listeria,Illumina HiSeq 2000,SINGLE,cDNA,TRANSCRIPTOMIC,Homo sapiens,ILLUMINA,2016-09-07T00:00:00Z,2016-05-03T10:59:00Z,1,GSM2141245,Macrophages,SRP074274,2 hr
SRR3471631,RNA-Seq,100,3881960000,PRJNA320361,SAMN04932974,2811325167,macrophage,GEO,public,"run.zq,sra","gs,ncbi,s3","gs.us-east1,ncbi.public,s3.us-east-1",SRX1738989,GSM2141246,AF21,Non-infected,Illumina HiSeq 2000,SINGLE,cDNA,TRANSCRIPTOMIC,Homo sapiens,ILLUMINA,2016-09-07T00:00:00Z,2016-05-03T11:34:00Z,1,GSM2141246,Macrophages,SRP074274,2 hr
SRR3471632,RNA-Seq,100,4219893300,PRJNA320361,SAMN04932975,3070454129,macrophage,GEO,public,"run.zq,sra","gs,ncbi,s3","gs.us-east1,ncbi.public,s3.us-east-1",SRX1738990,GSM2141247,AF21,Salmonella,Illumina HiSeq 2000,SINGLE,cDNA,TRANSCRIPTOMIC,Homo sapiens,ILLUMINA,2016-09-07T00:00:00Z,2016-05-03T11:47:00Z,1,GSM2141247,Macrophages,SRP074274,2 hr
SRR3471633,RNA-Seq,100,3371075800,PRJNA320361,SAMN04932967,2418499653,macrophage,GEO,public,"run.zq,sra","gs,ncbi,s3","gs.us-east1,ncbi.public,s3.us-east-1",SRX1738991,GSM2141248,AF23,Listeria,Illumina HiSeq 2000,SINGLE,cDNA,TRANSCRIPTOMIC,Homo sapiens,ILLUMINA,2016-09-07T00:00:00Z,2016-05-03T11:36:00Z,1,GSM2141248,Macrophages,SRP074274,2 hr
SRR3471634,RNA-Seq,100,2895054500,PRJNA320361,SAMN04932968,2070341484,macrophage,GEO,public,"run.zq,sra","gs,ncbi,s3","gs.us-east1,ncbi.public,s3.us-east-1",SRX1738992,GSM2141249,AF23,Non-infected,Illumina HiSeq 2000,SINGLE,cDNA,TRANSCRIPTOMIC,Homo sapiens,ILLUMINA,2016-09-07T00:00:00Z,2016-05-03T10:57:00Z,1,GSM2141249,Macrophages,SRP074274,2 hr
SRR3471635,RNA-Seq,100,3510432700,PRJNA320361,SAMN04932969,2502588822,macrophage,GEO,public,"run.zq,sra","gs,ncbi,s3","gs.us-east1,ncbi.public,s3.us-east-1",SRX1738993,GSM2141250,AF23,Salmonella,Illumina HiSeq 2000,SINGLE,cDNA,TRANSCRIPTOMIC,Homo sapiens,ILLUMINA,2016-09-07T00:00:00Z,2016-05-03T10:57:00Z,1,GSM2141250,Macrophages,SRP074274,2 hr
SRR3471636,RNA-Seq,100,4224339300,PRJNA320361,SAMN04939505,2872364833,macrophage,GEO,public,"run.zq,sra","gs,ncbi,s3","gs.us-east1,ncbi.public,s3.us-east-1",SRX1738994,GSM2141251,AF25,Listeria,Illumina HiSeq 2000,SINGLE,cDNA,TRANSCRIPTOMIC,Homo sapiens,ILLUMINA,2016-09-07T00:00:00Z,2016-05-03T11:40:00Z,1,GSM2141251,Macrophages,SRP074274,2 hr
SRR3471637,RNA-Seq,100,2842909400,PRJNA320361,SAMN04932970,1934483549,macrophage,GEO,public,"run.zq,sra","gs,ncbi,s3","gs.us-east1,ncbi.public,s3.us-east-1",SRX1738995,GSM2141252,AF25,Non-infected,Illumina HiSeq 2000,SINGLE,cDNA,TRANSCRIPTOMIC,Homo sapiens,ILLUMINA,2016-09-07T00:00:00Z,2016-05-03T11:40:00Z,1,GSM2141252,Macrophages,SRP074274,2 hr
SRR3471638,RNA-Seq,100,5391883400,PRJNA320361,SAMN04939506,3655590620,macrophage,GEO,public,"run.zq,sra","gs,ncbi,s3","gs.us-east1,ncbi.public,s3.us-east-1",SRX1738996,GSM2141253,AF25,Salmonella,Illumina HiSeq 2000,SINGLE,cDNA,TRANSCRIPTOMIC,Homo sapiens,ILLUMINA,2016-09-07T00:00:00Z,2016-05-03T11:01:00Z,1,GSM2141253,Macrophages,SRP074274,2 hr
SRR3471639,RNA-Seq,100,3264986600,PRJNA320361,SAMN04932976,2438185570,macrophage,GEO,public,"run.zq,sra","gs,ncbi,s3","gs.us-east1,ncbi.public,s3.us-east-1",SRX1738997,GSM2141254,AF27,Listeria,Illumina HiSeq 2000,SINGLE,cDNA,TRANSCRIPTOMIC,Homo sapiens,ILLUMINA,2016-09-07T00:00:00Z,2016-05-03T10:57:00Z,1,GSM2141254,Macrophages,SRP074274,2 hr
SRR3471640,RNA-Seq,100,4515687500,PRJNA320361,SAMN04932977,3363606896,macrophage,GEO,public,"run.zq,sra","gs,ncbi,s3","gs.us-east1,ncbi.public,s3.us-east-1",SRX1738998,GSM2141255,AF27,Non-infected,Illumina HiSeq 2000,SINGLE,cDNA,TRANSCRIPTOMIC,Homo sapiens,ILLUMINA,2016-09-07T00:00:00Z,2016-05-03T11:43:00Z,1,GSM2141255,Macrophages,SRP074274,2 hr
SRR3471641,RNA-Seq,100,2905610200,PRJNA320361,SAMN04932978,2159992677,macrophage,GEO,public,"run.zq,sra","gs,ncbi,s3","gs.us-east1,ncbi.public,s3.us-east-1",SRX1738999,GSM2141256,AF27,Salmonella,Illumina HiSeq 2000,SINGLE,cDNA,TRANSCRIPTOMIC,Homo sapiens,ILLUMINA,2016-09-07T00:00:00Z,2016-05-03T11:40:00Z,1,GSM2141256,Macrophages,SRP074274,2 hr
SRR3471642,RNA-Seq,100,3524028600,PRJNA320361,SAMN04932971,2531651266,macrophage,GEO,public,"run.zq,sra","gs,ncbi,s3","gs.us-east1,ncbi.public,s3.us-east-1",SRX1739000,GSM2141257,AF29,Listeria,Illumina HiSeq 2000,SINGLE,cDNA,TRANSCRIPTOMIC,Homo sapiens,ILLUMINA,2016-09-07T00:00:00Z,2016-05-03T10:58:00Z,1,GSM2141257,Macrophages,SRP074274,2 hr
SRR3471643,RNA-Seq,100,4334383600,PRJNA320361,SAMN04932979,3134906014,macrophage,GEO,public,"run.zq,sra","gs,ncbi,s3","gs.us-east1,ncbi.public,s3.us-east-1",SRX1739001,GSM2141258,AF29,Non-infected,Illumina HiSeq 2000,SINGLE,cDNA,TRANSCRIPTOMIC,Homo sapiens,ILLUMINA,2016-09-07T00:00:00Z,2016-05-03T11:45:00Z,1,GSM2141258,Macrophages,SRP074274,2 hr
SRR3471644,RNA-Seq,100,3810683100,PRJNA320361,SAMN04932980,2734476736,macrophage,GEO,public,"run.zq,sra","gs,ncbi,s3","gs.us-east1,ncbi.public,s3.us-east-1",SRX1739002,GSM2141259,AF29,Salmonella,Illumina HiSeq 2000,SINGLE,cDNA,TRANSCRIPTOMIC,Homo sapiens,ILLUMINA,2016-09-07T00:00:00Z,2016-05-03T11:44:00Z,1,GSM2141259,Macrophages,SRP074274,2 hr
SRR3471645,RNA-Seq,100,2708452800,PRJNA320361,SAMN04932981,1902999726,macrophage,GEO,public,"run.zq,sra","gs,ncbi,s3","gs.us-east1,ncbi.public,s3.us-east-1",SRX1739003,GSM2141260,AF31,Listeria,Illumina HiSeq 2000,SINGLE,cDNA,TRANSCRIPTOMIC,Homo sapiens,ILLUMINA,2016-09-07T00:00:00Z,2016-05-03T11:44:00Z,1,GSM2141260,Macrophages,SRP074274,2 hr
SRR3471646,RNA-Seq,100,2441624100,PRJNA320361,SAMN04932982,1710495576,macrophage,GEO,public,"run.zq,sra","gs,ncbi,s3","gs.us-east1,ncbi.public,s3.us-east-1",SRX1739004,GSM2141261,AF31,Non-infected,Illumina HiSeq 2000,SINGLE,cDNA,TRANSCRIPTOMIC,Homo sapiens,ILLUMINA,2016-09-07T00:00:00Z,2016-05-03T10:55:00Z,1,GSM2141261,Macrophages,SRP074274,2 hr
SRR3471647,RNA-Seq,100,2851041500,PRJNA320361,SAMN04932983,1995143872,macrophage,GEO,public,"run.zq,sra","gs,ncbi,s3","gs.us-east1,ncbi.public,s3.us-east-1",SRX1739005,GSM2141262,AF31,Salmonella,Illumina HiSeq 2000,SINGLE,cDNA,TRANSCRIPTOMIC,Homo sapiens,ILLUMINA,2016-09-07T00:00:00Z,2016-05-03T10:57:00Z,1,GSM2141262,Macrophages,SRP074274,2 hr
SRR3471648,RNA-Seq,100,3449837900,PRJNA320361,SAMN04932984,2468418324,macrophage,GEO,public,"run.zq,sra","gs,ncbi,s3","gs.us-east1,ncbi.public,s3.us-east-1",SRX1739006,GSM2141263,AF35,Listeria,Illumina HiSeq 2000,SINGLE,cDNA,TRANSCRIPTOMIC,Homo sapiens,ILLUMINA,2016-09-07T00:00:00Z,2016-05-03T10:58:00Z,1,GSM2141263,Macrophages,SRP074274,2 hr
SRR3471649,RNA-Seq,100,3147201400,PRJNA320361,SAMN04932985,2255637103,macrophage,GEO,public,"run.zq,sra","gs,ncbi,s3","gs.us-east1,ncbi.public,s3.us-east-1",SRX1739007,GSM2141264,AF35,Non-infected,Illumina HiSeq 2000,SINGLE,cDNA,TRANSCRIPTOMIC,Homo sapiens,ILLUMINA,2016-09-07T00:00:00Z,2016-05-03T11:47:00Z,1,GSM2141264,Macrophages,SRP074274,2 hr
SRR3471650,RNA-Seq,100,2649632300,PRJNA320361,SAMN04932953,1901158605,macrophage,GEO,public,"run.zq,sra","gs,ncbi,s3","gs.us-east1,ncbi.public,s3.us-east-1",SRX1739008,GSM2141265,AF35,Salmonella,Illumina HiSeq 2000,SINGLE,cDNA,TRANSCRIPTOMIC,Homo sapiens,ILLUMINA,2016-09-07T00:00:00Z,2016-05-03T10:57:00Z,1,GSM2141265,Macrophages,SRP074274,2 hr
SRR3471651,RNA-Seq,100,2524371400,PRJNA320361,SAMN04932954,1708347758,macrophage,GEO,public,"run.zq,sra","gs,ncbi,s3","gs.us-east1,ncbi.public,s3.us-east-1",SRX1739009,GSM2141266,AF37,Listeria,Illumina HiSeq 2000,SINGLE,cDNA,TRANSCRIPTOMIC,Homo sapiens,ILLUMINA,2016-09-07T00:00:00Z,2016-05-03T11:55:00Z,1,GSM2141266,Macrophages,SRP074274,2 hr
SRR3471652,RNA-Seq,100,3711810700,PRJNA320361,SAMN04932955,2530268632,macrophage,GEO,public,"run.zq,sra","gs,ncbi,s3","gs.us-east1,ncbi.public,s3.us-east-1",SRX1739010,GSM2141267,AF37,Non-infected,Illumina HiSeq 2000,SINGLE,cDNA,TRANSCRIPTOMIC,Homo sapiens,ILLUMINA,2016-09-07T00:00:00Z,2016-05-03T11:52:00Z,1,GSM2141267,Macrophages,SRP074274,2 hr
SRR3471653,RNA-Seq,100,2367060700,PRJNA320361,SAMN04932956,1603688996,macrophage,GEO,public,"run.zq,sra","gs,ncbi,s3","gs.us-east1,ncbi.public,s3.us-east-1",SRX1739011,GSM2141268,AF37,Salmonella,Illumina HiSeq 2000,SINGLE,cDNA,TRANSCRIPTOMIC,Homo sapiens,ILLUMINA,2016-09-07T00:00:00Z,2016-05-03T11:45:00Z,1,GSM2141268,Macrophages,SRP074274,2 hr
SRR3471654,RNA-Seq,100,2283247900,PRJNA320361,SAMN04932957,1642304572,macrophage,GEO,public,"run.zq,sra","gs,ncbi,s3","gs.us-east1,ncbi.public,s3.us-east-1",SRX1739012,GSM2141269,AF39,Listeria,Illumina HiSeq 2000,SINGLE,cDNA,TRANSCRIPTOMIC,Homo sapiens,ILLUMINA,2016-09-07T00:00:00Z,2016-05-03T11:43:00Z,1,GSM2141269,Macrophages,SRP074274,2 hr
SRR3471655,RNA-Seq,100,4167923800,PRJNA320361,SAMN04932958,2975735884,macrophage,GEO,public,"run.zq,sra","gs,ncbi,s3","gs.us-east1,ncbi.public,s3.us-east-1",SRX1739013,GSM2141270,AF39,Non-infected,Illumina HiSeq 2000,SINGLE,cDNA,TRANSCRIPTOMIC,Homo sapiens,ILLUMINA,2016-09-07T00:00:00Z,2016-05-03T11:00:00Z,1,GSM2141270,Macrophages,SRP074274,2 hr
SRR3471656,RNA-Seq,100,2396444900,PRJNA320361,SAMN04932959,1712379213,macrophage,GEO,public,"run.zq,sra","gs,ncbi,s3","gs.us-east1,ncbi.public,s3.us-east-1",SRX1739014,GSM2141271,AF39,Salmonella,Illumina HiSeq 2000,SINGLE,cDNA,TRANSCRIPTOMIC,Homo sapiens,ILLUMINA,2016-09-07T00:00:00Z,2016-05-03T10:56:00Z,1,GSM2141271,Macrophages,SRP074274,2 hr
SRR3471657,RNA-Seq,100,4107289200,PRJNA320361,SAMN04932901,2828974835,macrophage,GEO,public,"run.zq,sra","gs,ncbi,s3","gs.us-east1,ncbi.public,s3.us-east-1",SRX1739015,GSM2141272,AF41,Listeria,Illumina HiSeq 2000,SINGLE,cDNA,TRANSCRIPTOMIC,Homo sapiens,ILLUMINA,2016-09-07T00:00:00Z,2016-05-03T11:56:00Z,1,GSM2141272,Macrophages,SRP074274,2 hr
SRR3471658,RNA-Seq,100,3161128900,PRJNA320361,SAMN04932902,2181480497,macrophage,GEO,public,"run.zq,sra","gs,ncbi,s3","gs.us-east1,ncbi.public,s3.us-east-1",SRX1739016,GSM2141273,AF41,Non-infected,Illumina HiSeq 2000,SINGLE,cDNA,TRANSCRIPTOMIC,Homo sapiens,ILLUMINA,2016-09-07T00:00:00Z,2016-05-03T10:58:00Z,1,GSM2141273,Macrophages,SRP074274,2 hr
SRR3471659,RNA-Seq,100,2289283000,PRJNA320361,SAMN04932903,1583131188,macrophage,GEO,public,"run.zq,sra","gs,ncbi,s3","gs.us-east1,ncbi.public,s3.us-east-1",SRX1739017,GSM2141274,AF41,Salmonella,Illumina HiSeq 2000,SINGLE,cDNA,TRANSCRIPTOMIC,Homo sapiens,ILLUMINA,2016-09-07T00:00:00Z,2016-05-03T11:52:00Z,1,GSM2141274,Macrophages,SRP074274,2 hr
SRR3471660,RNA-Seq,100,3237816700,PRJNA320361,SAMN04932904,2164241355,macrophage,GEO,public,"run.zq,sra","gs,ncbi,s3","gs.us-east1,ncbi.public,s3.us-east-1",SRX1739018,GSM2141275,AF43,Listeria,Illumina HiSeq 2000,SINGLE,cDNA,TRANSCRIPTOMIC,Homo sapiens,ILLUMINA,2016-09-07T00:00:00Z,2016-05-03T10:58:00Z,1,GSM2141275,Macrophages,SRP074274,2 hr
SRR3471661,RNA-Seq,100,2832269500,PRJNA320361,SAMN04932905,1891617461,macrophage,GEO,public,"run.zq,sra","gs,ncbi,s3","gs.us-east1,ncbi.public,s3.us-east-1",SRX1739019,GSM2141276,AF43,Non-infected,Illumina HiSeq 2000,SINGLE,cDNA,TRANSCRIPTOMIC,Homo sapiens,ILLUMINA,2016-09-07T00:00:00Z,2016-05-03T10:57:00Z,1,GSM2141276,Macrophages,SRP074274,2 hr
SRR3471662,RNA-Seq,100,2245444200,PRJNA320361,SAMN04932906,1496791392,macrophage,GEO,public,"run.zq,sra","gs,ncbi,s3","gs.us-east1,ncbi.public,s3.us-east-1",SRX1739020,GSM2141277,AF43,Salmonella,Illumina HiSeq 2000,SINGLE,cDNA,TRANSCRIPTOMIC,Homo sapiens,ILLUMINA,2016-09-07T00:00:00Z,2016-05-03T11:52:00Z,1,GSM2141277,Macrophages,SRP074274,2 hr
SRR3471663,RNA-Seq,100,3508246000,PRJNA320361,SAMN04932907,2431909495,macrophage,GEO,public,"run.zq,sra","gs,ncbi,s3","gs.us-east1,ncbi.public,s3.us-east-1",SRX1739021,GSM2141278,AF47,Listeria,Illumina HiSeq 2000,SINGLE,cDNA,TRANSCRIPTOMIC,Homo sapiens,ILLUMINA,2016-09-07T00:00:00Z,2016-05-03T11:56:00Z,1,GSM2141278,Macrophages,SRP074274,2 hr
SRR3471664,RNA-Seq,100,2877876400,PRJNA320361,SAMN04932908,1996318311,macrophage,GEO,public,"run.zq,sra","gs,ncbi,s3","gs.us-east1,ncbi.public,s3.us-east-1",SRX1739022,GSM2141279,AF47,Non-infected,Illumina HiSeq 2000,SINGLE,cDNA,TRANSCRIPTOMIC,Homo sapiens,ILLUMINA,2016-09-07T00:00:00Z,2016-05-03T10:58:00Z,1,GSM2141279,Macrophages,SRP074274,2 hr
SRR3471665,RNA-Seq,100,3180273100,PRJNA320361,SAMN04932909,2207056161,macrophage,GEO,public,"run.zq,sra","gs,ncbi,s3","gs.us-east1,ncbi.public,s3.us-east-1",SRX1739023,GSM2141280,AF47,Salmonella,Illumina HiSeq 2000,SINGLE,cDNA,TRANSCRIPTOMIC,Homo sapiens,ILLUMINA,2016-09-07T00:00:00Z,2016-05-03T11:54:00Z,1,GSM2141280,Macrophages,SRP074274,2 hr
SRR3471666,RNA-Seq,100,2347924500,PRJNA320361,SAMN04932910,1585837949,macrophage,GEO,public,"run.zq,sra","gs,ncbi,s3","gs.us-east1,ncbi.public,s3.us-east-1",SRX1739024,GSM2141281,AF53,Listeria,Illumina HiSeq 2000,SINGLE,cDNA,TRANSCRIPTOMIC,Homo sapiens,ILLUMINA,2016-09-07T00:00:00Z,2016-05-03T10:56:00Z,1,GSM2141281,Macrophages,SRP074274,2 hr
SRR3471667,RNA-Seq,100,3281704200,PRJNA320361,SAMN04932911,2216349203,macrophage,GEO,public,"run.zq,sra","gs,ncbi,s3","gs.us-east1,ncbi.public,s3.us-east-1",SRX1739025,GSM2141282,AF53,Non-infected,Illumina HiSeq 2000,SINGLE,cDNA,TRANSCRIPTOMIC,Homo sapiens,ILLUMINA,2016-09-07T00:00:00Z,2016-05-03T11:01:00Z,1,GSM2141282,Macrophages,SRP074274,2 hr
SRR3471668,RNA-Seq,100,3674085400,PRJNA320361,SAMN04932912,2497140916,macrophage,GEO,public,"run.zq,sra","gs,ncbi,s3","gs.us-east1,ncbi.public,s3.us-east-1",SRX1739026,GSM2141283,AF53,Salmonella,Illumina HiSeq 2000,SINGLE,cDNA,TRANSCRIPTOMIC,Homo sapiens,ILLUMINA,2016-09-07T00:00:00Z,2016-05-03T11:02:00Z,1,GSM2141283,Macrophages,SRP074274,2 hr
SRR3471669,RNA-Seq,100,5854905400,PRJNA320361,SAMN04932913,4216484671,macrophage,GEO,public,"run.zq,sra","gs,ncbi,s3","gs.us-east1,ncbi.public,s3.us-east-1",SRX1739027,GSM2141284,AF57,Listeria,Illumina HiSeq 2000,SINGLE,cDNA,TRANSCRIPTOMIC,Homo sapiens,ILLUMINA,2016-09-07T00:00:00Z,2016-05-03T12:17:00Z,1,GSM2141284,Macrophages,SRP074274,2 hr
SRR3471670,RNA-Seq,100,3209384000,PRJNA320361,SAMN04932914,2318131601,macrophage,GEO,public,"run.zq,sra","gs,ncbi,s3","gs.us-east1,ncbi.public,s3.us-east-1",SRX1739028,GSM2141285,AF57,Non-infected,Illumina HiSeq 2000,SINGLE,cDNA,TRANSCRIPTOMIC,Homo sapiens,ILLUMINA,2016-09-07T00:00:00Z,2016-05-03T11:09:00Z,1,GSM2141285,Macrophages,SRP074274,2 hr
SRR3471671,RNA-Seq,100,4809979600,PRJNA320361,SAMN04932915,3470519139,macrophage,GEO,public,"run.zq,sra","gs,ncbi,s3","gs.us-east1,ncbi.public,s3.us-east-1",SRX1739029,GSM2141286,AF57,Salmonella,Illumina HiSeq 2000,SINGLE,cDNA,TRANSCRIPTOMIC,Homo sapiens,ILLUMINA,2016-09-07T00:00:00Z,2016-05-03T11:05:00Z,1,GSM2141286,Macrophages,SRP074274,2 hr
SRR3471672,RNA-Seq,100,3206905800,PRJNA320361,SAMN04932916,2191855986,macrophage,GEO,public,"run.zq,sra","gs,ncbi,s3","gs.us-east1,ncbi.public,s3.us-east-1",SRX1739030,GSM2141287,AF59,Listeria,Illumina HiSeq 2000,SINGLE,cDNA,TRANSCRIPTOMIC,Homo sapiens,ILLUMINA,2016-09-07T00:00:00Z,2016-05-03T11:59:00Z,1,GSM2141287,Macrophages,SRP074274,2 hr
SRR3471673,RNA-Seq,100,3608718900,PRJNA320361,SAMN04932917,2468408877,macrophage,GEO,public,"run.zq,sra","gs,ncbi,s3","gs.us-east1,ncbi.public,s3.us-east-1",SRX1739031,GSM2141288,AF59,Non-infected,Illumina HiSeq 2000,SINGLE,cDNA,TRANSCRIPTOMIC,Homo sapiens,ILLUMINA,2016-09-07T00:00:00Z,2016-05-03T12:10:00Z,1,GSM2141288,Macrophages,SRP074274,2 hr
SRR3471674,RNA-Seq,100,2149080800,PRJNA320361,SAMN04932918,1467783404,macrophage,GEO,public,"run.zq,sra","gs,ncbi,s3","gs.us-east1,ncbi.public,s3.us-east-1",SRX1739032,GSM2141289,AF59,Salmonella,Illumina HiSeq 2000,SINGLE,cDNA,TRANSCRIPTOMIC,Homo sapiens,ILLUMINA,2016-09-07T00:00:00Z,2016-05-03T12:04:00Z,1,GSM2141289,Macrophages,SRP074274,2 hr
SRR3471675,RNA-Seq,100,3835915200,PRJNA320361,SAMN04932919,2728779415,macrophage,GEO,public,"run.zq,sra","gs,ncbi,s3","gs.us-east1,ncbi.public,s3.us-east-1",SRX1739033,GSM2141290,AF61,Listeria,Illumina HiSeq 2000,SINGLE,cDNA,TRANSCRIPTOMIC,Homo sapiens,ILLUMINA,2016-09-07T00:00:00Z,2016-05-03T12:04:00Z,1,GSM2141290,Macrophages,SRP074274,2 hr
SRR3471676,RNA-Seq,100,3828959300,PRJNA320361,SAMN04932920,2720909433,macrophage,GEO,public,"run.zq,sra","gs,ncbi,s3","gs.us-east1,ncbi.public,s3.us-east-1",SRX1739034,GSM2141291,AF61,Non-infected,Illumina HiSeq 2000,SINGLE,cDNA,TRANSCRIPTOMIC,Homo sapiens,ILLUMINA,2016-09-07T00:00:00Z,2016-05-03T12:06:00Z,1,GSM2141291,Macrophages,SRP074274,2 hr
SRR3471677,RNA-Seq,100,3364600500,PRJNA320361,SAMN04932921,2384267780,macrophage,GEO,public,"run.zq,sra","gs,ncbi,s3","gs.us-east1,ncbi.public,s3.us-east-1",SRX1739035,GSM2141292,AF61,Salmonella,Illumina HiSeq 2000,SINGLE,cDNA,TRANSCRIPTOMIC,Homo sapiens,ILLUMINA,2016-09-07T00:00:00Z,2016-05-03T11:07:00Z,1,GSM2141292,Macrophages,SRP074274,2 hr
SRR3471678,RNA-Seq,100,3372931400,PRJNA320361,SAMN04932922,2402975790,macrophage,GEO,public,"run.zq,sra","gs,ncbi,s3","gs.us-east1,ncbi.public,s3.us-east-1",SRX1739036,GSM2141293,AF63,Listeria,Illumina HiSeq 2000,SINGLE,cDNA,TRANSCRIPTOMIC,Homo sapiens,ILLUMINA,2016-09-07T00:00:00Z,2016-05-03T11:14:00Z,1,GSM2141293,Macrophages,SRP074274,2 hr
SRR3471679,RNA-Seq,100,3469142100,PRJNA320361,SAMN04932923,2471813624,macrophage,GEO,public,"run.zq,sra","gs,ncbi,s3","gs.us-east1,ncbi.public,s3.us-east-1",SRX1739037,GSM2141294,AF63,Non-infected,Illumina HiSeq 2000,SINGLE,cDNA,TRANSCRIPTOMIC,Homo sapiens,ILLUMINA,2016-09-07T00:00:00Z,2016-05-03T12:08:00Z,1,GSM2141294,Macrophages,SRP074274,2 hr
SRR3471680,RNA-Seq,100,3477551300,PRJNA320361,SAMN04932811,2475387439,macrophage,GEO,public,"run.zq,sra","gs,ncbi,s3","gs.us-east1,ncbi.public,s3.us-east-1",SRX1739038,GSM2141295,AF63,Salmonella,Illumina HiSeq 2000,SINGLE,cDNA,TRANSCRIPTOMIC,Homo sapiens,ILLUMINA,2016-09-07T00:00:00Z,2016-05-03T12:05:00Z,1,GSM2141295,Macrophages,SRP074274,2 hr
SRR3471681,RNA-Seq,100,3984732000,PRJNA320361,SAMN04932929,2948974156,macrophage,GEO,public,"run.zq,sra","gs,ncbi,s3","gs.us-east1,ncbi.public,s3.us-east-1",SRX1739039,GSM2141296,AF65,Listeria,Illumina HiSeq 2000,SINGLE,cDNA,TRANSCRIPTOMIC,Homo sapiens,ILLUMINA,2016-09-07T00:00:00Z,2016-05-03T11:08:00Z,1,GSM2141296,Macrophages,SRP074274,2 hr
SRR3471682,RNA-Seq,100,3721577000,PRJNA320361,SAMN04932930,2759408824,macrophage,GEO,public,"run.zq,sra","gs,ncbi,s3","gs.us-east1,ncbi.public,s3.us-east-1",SRX1739040,GSM2141297,AF65,Non-infected,Illumina HiSeq 2000,SINGLE,cDNA,TRANSCRIPTOMIC,Homo sapiens,ILLUMINA,2016-09-07T00:00:00Z,2016-05-03T11:17:00Z,1,GSM2141297,Macrophages,SRP074274,2 hr
SRR3471683,RNA-Seq,100,4122355500,PRJNA320361,SAMN04932924,3046757780,macrophage,GEO,public,"run.zq,sra","gs,ncbi,s3","gs.us-east1,ncbi.public,s3.us-east-1",SRX1739041,GSM2141298,AF65,Salmonella,Illumina HiSeq 2000,SINGLE,cDNA,TRANSCRIPTOMIC,Homo sapiens,ILLUMINA,2016-09-07T00:00:00Z,2016-05-03T12:12:00Z,1,GSM2141298,Macrophages,SRP074274,2 hr
SRR3471684,RNA-Seq,100,4131348200,PRJNA320361,SAMN04932925,2989915844,macrophage,GEO,public,"run.zq,sra","gs,ncbi,s3","gs.us-east1,ncbi.public,s3.us-east-1",SRX1739042,GSM2141299,AF67,Listeria,Illumina HiSeq 2000,SINGLE,cDNA,TRANSCRIPTOMIC,Homo sapiens,ILLUMINA,2016-09-07T00:00:00Z,2016-05-03T11:12:00Z,1,GSM2141299,Macrophages,SRP074274,2 hr
SRR3471685,RNA-Seq,100,3942627800,PRJNA320361,SAMN04932926,2855135544,macrophage,GEO,public,"run.zq,sra","gs,ncbi,s3","gs.us-east1,ncbi.public,s3.us-east-1",SRX1739043,GSM2141300,AF67,Non-infected,Illumina HiSeq 2000,SINGLE,cDNA,TRANSCRIPTOMIC,Homo sapiens,ILLUMINA,2016-09-07T00:00:00Z,2016-05-03T12:13:00Z,1,GSM2141300,Macrophages,SRP074274,2 hr
SRR3471686,RNA-Seq,100,4061447100,PRJNA320361,SAMN04932927,2926160135,macrophage,GEO,public,"run.zq,sra","gs,ncbi,s3","gs.us-east1,ncbi.public,s3.us-east-1",SRX1739044,GSM2141301,AF67,Salmonella,Illumina HiSeq 2000,SINGLE,cDNA,TRANSCRIPTOMIC,Homo sapiens,ILLUMINA,2016-09-07T00:00:00Z,2016-05-03T11:15:00Z,1,GSM2141301,Macrophages,SRP074274,2 hr
SRR3471687,RNA-Seq,100,3087302400,PRJNA320361,SAMN04932928,2252235594,macrophage,GEO,public,"run.zq,sra","gs,ncbi,s3","gs.us-east1,ncbi.public,s3.us-east-1",SRX1739045,GSM2141302,AF69,Listeria,Illumina HiSeq 2000,SINGLE,cDNA,TRANSCRIPTOMIC,Homo sapiens,ILLUMINA,2016-09-07T00:00:00Z,2016-05-03T11:20:00Z,1,GSM2141302,Macrophages,SRP074274,2 hr
SRR3471688,RNA-Seq,100,4459470000,PRJNA320361,SAMN04932812,3231403314,macrophage,GEO,public,"run.zq,sra","gs,ncbi,s3","gs.us-east1,ncbi.public,s3.us-east-1",SRX1739046,GSM2141303,AF69,Non-infected,Illumina HiSeq 2000,SINGLE,cDNA,TRANSCRIPTOMIC,Homo sapiens,ILLUMINA,2016-09-07T00:00:00Z,2016-05-03T12:14:00Z,1,GSM2141303,Macrophages,SRP074274,2 hr
SRR3471689,RNA-Seq,100,4764993600,PRJNA320361,SAMN04932813,3436091857,macrophage,GEO,public,"run.zq,sra","gs,ncbi,s3","gs.us-east1,ncbi.public,s3.us-east-1",SRX1739047,GSM2141304,AF69,Salmonella,Illumina HiSeq 2000,SINGLE,cDNA,TRANSCRIPTOMIC,Homo sapiens,ILLUMINA,2016-09-07T00:00:00Z,2016-05-03T11:17:00Z,1,GSM2141304,Macrophages,SRP074274,2 hr
SRR3471690,RNA-Seq,100,4289756400,PRJNA320361,SAMN04932814,3115207696,macrophage,GEO,public,"run.zq,sra","gs,ncbi,s3","gs.us-east1,ncbi.public,s3.us-east-1",SRX1739048,GSM2141305,AF71,Listeria,Illumina HiSeq 2000,SINGLE,cDNA,TRANSCRIPTOMIC,Homo sapiens,ILLUMINA,2016-09-07T00:00:00Z,2016-05-03T12:15:00Z,1,GSM2141305,Macrophages,SRP074274,2 hr
SRR3471691,RNA-Seq,100,4078077100,PRJNA320361,SAMN04932815,2960603042,macrophage,GEO,public,"run.zq,sra","gs,ncbi,s3","gs.us-east1,ncbi.public,s3.us-east-1",SRX1739049,GSM2141306,AF71,Non-infected,Illumina HiSeq 2000,SINGLE,cDNA,TRANSCRIPTOMIC,Homo sapiens,ILLUMINA,2016-09-07T00:00:00Z,2016-05-03T11:18:00Z,1,GSM2141306,Macrophages,SRP074274,2 hr
SRR3471692,RNA-Seq,100,4259837100,PRJNA320361,SAMN04932816,3081502997,macrophage,GEO,public,"run.zq,sra","gs,ncbi,s3","gs.us-east1,ncbi.public,s3.us-east-1",SRX1739050,GSM2141307,AF71,Salmonella,Illumina HiSeq 2000,SINGLE,cDNA,TRANSCRIPTOMIC,Homo sapiens,ILLUMINA,2016-09-07T00:00:00Z,2016-05-03T11:20:00Z,1,GSM2141307,Macrophages,SRP074274,2 hr
SRR3471693,RNA-Seq,100,4261479500,PRJNA320361,SAMN04932817,3038736955,macrophage,GEO,public,"run.zq,sra","gs,ncbi,s3","gs.us-east1,ncbi.public,s3.us-east-1",SRX1739051,GSM2141308,AF77,Listeria,Illumina HiSeq 2000,SINGLE,cDNA,TRANSCRIPTOMIC,Homo sapiens,ILLUMINA,2016-09-07T00:00:00Z,2016-05-03T12:20:00Z,1,GSM2141308,Macrophages,SRP074274,2 hr
SRR3471694,RNA-Seq,100,4399845800,PRJNA320361,SAMN04932818,3143806638,macrophage,GEO,public,"run.zq,sra","gs,ncbi,s3","gs.us-east1,ncbi.public,s3.us-east-1",SRX1739052,GSM2141309,AF77,Non-infected,Illumina HiSeq 2000,SINGLE,cDNA,TRANSCRIPTOMIC,Homo sapiens,ILLUMINA,2016-09-07T00:00:00Z,2016-05-03T12:18:00Z,1,GSM2141309,Macrophages,SRP074274,2 hr
SRR3471695,RNA-Seq,100,3471503000,PRJNA320361,SAMN04932819,2473749553,macrophage,GEO,public,"run.zq,sra","gs,ncbi,s3","gs.us-east1,ncbi.public,s3.us-east-1",SRX1739053,GSM2141310,AF77,Salmonella,Illumina HiSeq 2000,SINGLE,cDNA,TRANSCRIPTOMIC,Homo sapiens,ILLUMINA,2016-09-07T00:00:00Z,2016-05-03T11:21:00Z,1,GSM2141310,Macrophages,SRP074274,2 hr
SRR3471696,RNA-Seq,100,3115864200,PRJNA320361,SAMN04932820,2265075447,macrophage,GEO,public,"run.zq,sra","gs,ncbi,s3","gs.us-east1,ncbi.public,s3.us-east-1",SRX1739054,GSM2141311,AF79,Listeria,Illumina HiSeq 2000,SINGLE,cDNA,TRANSCRIPTOMIC,Homo sapiens,ILLUMINA,2016-09-07T00:00:00Z,2016-05-03T12:19:00Z,1,GSM2141311,Macrophages,SRP074274,2 hr
SRR3471697,RNA-Seq,100,3192483400,PRJNA320361,SAMN04932821,2309217995,macrophage,GEO,public,"run.zq,sra","gs,ncbi,s3","gs.us-east1,ncbi.public,s3.us-east-1",SRX1739055,GSM2141312,AF79,Non-infected,Illumina HiSeq 2000,SINGLE,cDNA,TRANSCRIPTOMIC,Homo sapiens,ILLUMINA,2016-09-07T00:00:00Z,2016-05-03T11:23:00Z,1,GSM2141312,Macrophages,SRP074274,2 hr
SRR3471698,RNA-Seq,100,3504806400,PRJNA320361,SAMN04932822,2531299784,macrophage,GEO,public,"run.zq,sra","gs,ncbi,s3","gs.us-east1,ncbi.public,s3.us-east-1",SRX1739056,GSM2141313,AF79,Salmonella,Illumina HiSeq 2000,SINGLE,cDNA,TRANSCRIPTOMIC,Homo sapiens,ILLUMINA,2016-09-07T00:00:00Z,2016-05-03T11:24:00Z,1,GSM2141313,Macrophages,SRP074274,2 hr
SRR3471699,RNA-Seq,100,3122370400,PRJNA320361,SAMN04932823,2179498049,macrophage,GEO,public,"run.zq,sra","gs,ncbi,s3","gs.us-east1,ncbi.public,s3.us-east-1",SRX1739057,GSM2141314,EU06,Listeria,Illumina HiSeq 2000,SINGLE,cDNA,TRANSCRIPTOMIC,Homo sapiens,ILLUMINA,2016-09-07T00:00:00Z,2016-05-03T12:19:00Z,1,GSM2141314,Macrophages,SRP074274,2 hr
SRR3471700,RNA-Seq,100,3580749600,PRJNA320361,SAMN04932824,2502121696,macrophage,GEO,public,"run.zq,sra","gs,ncbi,s3","gs.us-east1,ncbi.public,s3.us-east-1",SRX1739058,GSM2141315,EU06,Non-infected,Illumina HiSeq 2000,SINGLE,cDNA,TRANSCRIPTOMIC,Homo sapiens,ILLUMINA,2016-09-07T00:00:00Z,2016-05-03T11:25:00Z,1,GSM2141315,Macrophages,SRP074274,2 hr
SRR3471701,RNA-Seq,100,3361926200,PRJNA320361,SAMN04932825,2357704006,macrophage,GEO,public,"run.zq,sra","gs,ncbi,s3","gs.us-east1,ncbi.public,s3.us-east-1",SRX1739059,GSM2141316,EU06,Salmonella,Illumina HiSeq 2000,SINGLE,cDNA,TRANSCRIPTOMIC,Homo sapiens,ILLUMINA,2016-09-07T00:00:00Z,2016-05-03T12:21:00Z,1,GSM2141316,Macrophages,SRP074274,2 hr
SRR3471702,RNA-Seq,100,3726086300,PRJNA320361,SAMN04932826,2685746491,macrophage,GEO,public,"run.zq,sra","gs,ncbi,s3","gs.us-east1,ncbi.public,s3.us-east-1",SRX1739060,GSM2141317,EU14,Listeria,Illumina HiSeq 2000,SINGLE,cDNA,TRANSCRIPTOMIC,Homo sapiens,ILLUMINA,2016-09-07T00:00:00Z,2016-05-03T12:24:00Z,1,GSM2141317,Macrophages,SRP074274,2 hr
SRR3471703,RNA-Seq,100,2769430600,PRJNA320361,SAMN04932827,1995312439,macrophage,GEO,public,"run.zq,sra","gs,ncbi,s3","gs.us-east1,ncbi.public,s3.us-east-1",SRX1739061,GSM2141318,EU14,Non-infected,Illumina HiSeq 2000,SINGLE,cDNA,TRANSCRIPTOMIC,Homo sapiens,ILLUMINA,2016-09-07T00:00:00Z,2016-05-03T12:20:00Z,1,GSM2141318,Macrophages,SRP074274,2 hr
SRR3471704,RNA-Seq,100,4007651500,PRJNA320361,SAMN04932828,2876767315,macrophage,GEO,public,"run.zq,sra","gs,ncbi,s3","gs.us-east1,ncbi.public,s3.us-east-1",SRX1739062,GSM2141319,EU14,Salmonella,Illumina HiSeq 2000,SINGLE,cDNA,TRANSCRIPTOMIC,Homo sapiens,ILLUMINA,2016-09-07T00:00:00Z,2016-05-03T12:24:00Z,1,GSM2141319,Macrophages,SRP074274,2 hr
SRR3471705,RNA-Seq,100,3330676000,PRJNA320361,SAMN04932829,2417848139,macrophage,GEO,public,"run.zq,sra","gs,ncbi,s3","gs.us-east1,ncbi.public,s3.us-east-1",SRX1739063,GSM2141320,EU16,Listeria,Illumina HiSeq 2000,SINGLE,cDNA,TRANSCRIPTOMIC,Homo sapiens,ILLUMINA,2016-09-07T00:00:00Z,2016-05-03T11:27:00Z,1,GSM2141320,Macrophages,SRP074274,2 hr
SRR3471706,RNA-Seq,100,2179406900,PRJNA320361,SAMN04932830,1584832926,macrophage,GEO,public,"run.zq,sra","gs,ncbi,s3","gs.us-east1,ncbi.public,s3.us-east-1",SRX1739064,GSM2141321,EU16,Non-infected,Illumina HiSeq 2000,SINGLE,cDNA,TRANSCRIPTOMIC,Homo sapiens,ILLUMINA,2016-09-07T00:00:00Z,2016-05-03T12:23:00Z,1,GSM2141321,Macrophages,SRP074274,2 hr
SRR3471707,RNA-Seq,100,3315506200,PRJNA320361,SAMN04932831,2405311390,macrophage,GEO,public,"sra,run.zq","gs,ncbi,s3","gs.us-east1,ncbi.public,s3.us-east-1",SRX1739065,GSM2141322,EU16,Salmonella,Illumina HiSeq 2000,SINGLE,cDNA,TRANSCRIPTOMIC,Homo sapiens,ILLUMINA,2016-09-07T00:00:00Z,2016-05-03T12:26:00Z,1,GSM2141322,Macrophages,SRP074274,2 hr
SRR3471708,RNA-Seq,100,2945233000,PRJNA320361,SAMN04932832,1870634573,macrophage,GEO,public,"run.zq,sra","gs,ncbi,s3","gs.us-east1,ncbi.public,s3.us-east-1",SRX1739066,GSM2141323,EU20,Non-infected,Illumina HiSeq 2000,SINGLE,cDNA,TRANSCRIPTOMIC,Homo sapiens,ILLUMINA,2016-09-07T00:00:00Z,2016-05-03T11:27:00Z,1,GSM2141323,Macrophages,SRP074274,2 hr
SRR3471709,RNA-Seq,100,3520492400,PRJNA320361,SAMN04932833,2236009621,macrophage,GEO,public,"run.zq,sra","gs,ncbi,s3","gs.us-east1,ncbi.public,s3.us-east-1",SRX1739067,GSM2141324,EU20,Salmonella,Illumina HiSeq 2000,SINGLE,cDNA,TRANSCRIPTOMIC,Homo sapiens,ILLUMINA,2016-09-07T00:00:00Z,2016-05-03T11:31:00Z,1,GSM2141324,Macrophages,SRP074274,2 hr
SRR3471710,RNA-Seq,100,4775768600,PRJNA320361,SAMN04932834,3394138007,macrophage,GEO,public,"run.zq,sra","gs,ncbi,s3","gs.us-east1,ncbi.public,s3.us-east-1",SRX1739068,GSM2141325,EU22,Listeria,Illumina HiSeq 2000,SINGLE,cDNA,TRANSCRIPTOMIC,Homo sapiens,ILLUMINA,2016-09-07T00:00:00Z,2016-05-03T11:39:00Z,1,GSM2141325,Macrophages,SRP074274,2 hr
SRR3471711,RNA-Seq,100,2378021400,PRJNA320361,SAMN04932835,1695954640,macrophage,GEO,public,"run.zq,sra","gs,ncbi,s3","gs.us-east1,ncbi.public,s3.us-east-1",SRX1739069,GSM2141326,EU22,Non-infected,Illumina HiSeq 2000,SINGLE,cDNA,TRANSCRIPTOMIC,Homo sapiens,ILLUMINA,2016-09-07T00:00:00Z,2016-05-03T11:27:00Z,1,GSM2141326,Macrophages,SRP074274,2 hr
SRR3471712,RNA-Seq,100,3328813400,PRJNA320361,SAMN04932934,2369577526,macrophage,GEO,public,"run.zq,sra","gs,ncbi,s3","gs.us-east1,ncbi.public,s3.us-east-1",SRX1739070,GSM2141327,EU22,Salmonella,Illumina HiSeq 2000,SINGLE,cDNA,TRANSCRIPTOMIC,Homo sapiens,ILLUMINA,2016-09-07T00:00:00Z,2016-05-03T11:30:00Z,1,GSM2141327,Macrophages,SRP074274,2 hr
SRR3471713,RNA-Seq,100,2982877300,PRJNA320361,SAMN04932836,2087522894,macrophage,GEO,public,"run.zq,sra","gs,ncbi,s3","gs.us-east1,ncbi.public,s3.us-east-1",SRX1739071,GSM2141328,EU24,Listeria,Illumina HiSeq 2000,SINGLE,cDNA,TRANSCRIPTOMIC,Homo sapiens,ILLUMINA,2016-09-07T00:00:00Z,2016-05-03T11:29:00Z,1,GSM2141328,Macrophages,SRP074274,2 hr
SRR3471714,RNA-Seq,100,3083135800,PRJNA320361,SAMN04932837,2159701106,macrophage,GEO,public,"run.zq,sra","gs,ncbi,s3","gs.us-east1,ncbi.public,s3.us-east-1",SRX1739072,GSM2141329,EU24,Non-infected,Illumina HiSeq 2000,SINGLE,cDNA,TRANSCRIPTOMIC,Homo sapiens,ILLUMINA,2016-09-07T00:00:00Z,2016-05-03T12:27:00Z,1,GSM2141329,Macrophages,SRP074274,2 hr
SRR3471715,RNA-Seq,100,4194966800,PRJNA320361,SAMN04932838,2936815989,macrophage,GEO,public,"run.zq,sra","gs,ncbi,s3","gs.us-east1,ncbi.public,s3.us-east-1",SRX1739073,GSM2141330,EU24,Salmonella,Illumina HiSeq 2000,SINGLE,cDNA,TRANSCRIPTOMIC,Homo sapiens,ILLUMINA,2016-09-07T00:00:00Z,2016-05-03T12:30:00Z,1,GSM2141330,Macrophages,SRP074274,2 hr
SRR3471716,RNA-Seq,100,2796513400,PRJNA320361,SAMN04932839,2080846444,macrophage,GEO,public,"run.zq,sra","gs,ncbi,s3","gs.us-east1,ncbi.public,s3.us-east-1",SRX1739074,GSM2141331,EU26,Listeria,Illumina HiSeq 2000,SINGLE,cDNA,TRANSCRIPTOMIC,Homo sapiens,ILLUMINA,2016-09-07T00:00:00Z,2016-05-03T12:32:00Z,1,GSM2141331,Macrophages,SRP074274,2 hr
SRR3471717,RNA-Seq,100,3771787400,PRJNA320361,SAMN04932840,2804449126,macrophage,GEO,public,"run.zq,sra","gs,ncbi,s3","gs.us-east1,ncbi.public,s3.us-east-1",SRX1739075,GSM2141332,EU26,Non-infected,Illumina HiSeq 2000,SINGLE,cDNA,TRANSCRIPTOMIC,Homo sapiens,ILLUMINA,2016-09-07T00:00:00Z,2016-05-03T11:34:00Z,1,GSM2141332,Macrophages,SRP074274,2 hr
SRR3471718,RNA-Seq,100,3702292400,PRJNA320361,SAMN04932931,2752834364,macrophage,GEO,public,"run.zq,sra","gs,ncbi,s3","gs.us-east1,ncbi.public,s3.us-east-1",SRX1739076,GSM2141333,EU26,Salmonella,Illumina HiSeq 2000,SINGLE,cDNA,TRANSCRIPTOMIC,Homo sapiens,ILLUMINA,2016-09-07T00:00:00Z,2016-05-03T12:31:00Z,1,GSM2141333,Macrophages,SRP074274,2 hr
SRR3471719,RNA-Seq,100,3789702100,PRJNA320361,SAMN04932932,2568015373,macrophage,GEO,public,"run.zq,sra","gs,ncbi,s3","gs.us-east1,ncbi.public,s3.us-east-1",SRX1739077,GSM2141334,EU28,Listeria,Illumina HiSeq 2000,SINGLE,cDNA,TRANSCRIPTOMIC,Homo sapiens,ILLUMINA,2016-09-07T00:00:00Z,2016-05-03T12:32:00Z,1,GSM2141334,Macrophages,SRP074274,2 hr
SRR3471720,RNA-Seq,100,3592940900,PRJNA320361,SAMN04932933,2439232695,macrophage,GEO,public,"run.zq,sra","gs,ncbi,s3","gs.us-east1,ncbi.public,s3.us-east-1",SRX1739078,GSM2141335,EU28,Non-infected,Illumina HiSeq 2000,SINGLE,cDNA,TRANSCRIPTOMIC,Homo sapiens,ILLUMINA,2016-09-07T00:00:00Z,2016-05-03T11:33:00Z,1,GSM2141335,Macrophages,SRP074274,2 hr
SRR3471721,RNA-Seq,100,5645653600,PRJNA320361,SAMN04932935,3830498800,macrophage,GEO,public,"run.zq,sra","gs,ncbi,s3","gs.us-east1,ncbi.public,s3.us-east-1",SRX1739079,GSM2141336,EU28,Salmonella,Illumina HiSeq 2000,SINGLE,cDNA,TRANSCRIPTOMIC,Homo sapiens,ILLUMINA,2016-09-07T00:00:00Z,2016-05-03T11:41:00Z,1,GSM2141336,Macrophages,SRP074274,2 hr
SRR3471722,RNA-Seq,100,3458643500,PRJNA320361,SAMN04932936,2488013076,macrophage,GEO,public,"run.zq,sra","gs,ncbi,s3","gs.us-east1,ncbi.public,s3.us-east-1",SRX1739080,GSM2141337,EU30,Listeria,Illumina HiSeq 2000,SINGLE,cDNA,TRANSCRIPTOMIC,Homo sapiens,ILLUMINA,2016-09-07T00:00:00Z,2016-05-03T11:40:00Z,1,GSM2141337,Macrophages,SRP074274,2 hr
SRR3471723,RNA-Seq,100,2916556100,PRJNA320361,SAMN04932937,2100618632,macrophage,GEO,public,"run.zq,sra","gs,ncbi,s3","gs.us-east1,ncbi.public,s3.us-east-1",SRX1739081,GSM2141338,EU30,Non-infected,Illumina HiSeq 2000,SINGLE,cDNA,TRANSCRIPTOMIC,Homo sapiens,ILLUMINA,2016-09-07T00:00:00Z,2016-05-03T12:36:00Z,1,GSM2141338,Macrophages,SRP074274,2 hr
SRR3471724,RNA-Seq,100,3312187800,PRJNA320361,SAMN04932938,2378345433,macrophage,GEO,public,"run.zq,sra","gs,ncbi,s3","gs.us-east1,ncbi.public,s3.us-east-1",SRX1739082,GSM2141339,EU30,Salmonella,Illumina HiSeq 2000,SINGLE,cDNA,TRANSCRIPTOMIC,Homo sapiens,ILLUMINA,2016-09-07T00:00:00Z,2016-05-03T12:35:00Z,1,GSM2141339,Macrophages,SRP074274,2 hr
SRR3471725,RNA-Seq,100,2835028300,PRJNA320361,SAMN04932939,2022155327,macrophage,GEO,public,"run.zq,sra","gs,ncbi,s3","gs.us-east1,ncbi.public,s3.us-east-1",SRX1739083,GSM2141340,EU34,Listeria,Illumina HiSeq 2000,SINGLE,cDNA,TRANSCRIPTOMIC,Homo sapiens,ILLUMINA,2016-09-07T00:00:00Z,2016-05-03T12:36:00Z,1,GSM2141340,Macrophages,SRP074274,2 hr
SRR3471726,RNA-Seq,100,4034487100,PRJNA320361,SAMN04932940,2889839236,macrophage,GEO,public,"run.zq,sra","gs,ncbi,s3","gs.us-east1,ncbi.public,s3.us-east-1",SRX1739084,GSM2141341,EU34,Non-infected,Illumina HiSeq 2000,SINGLE,cDNA,TRANSCRIPTOMIC,Homo sapiens,ILLUMINA,2016-09-07T00:00:00Z,2016-05-03T11:42:00Z,1,GSM2141341,Macrophages,SRP074274,2 hr
SRR3471727,RNA-Seq,100,3812874600,PRJNA320361,SAMN04932941,2726830286,macrophage,GEO,public,"run.zq,sra","gs,ncbi,s3","gs.us-east1,ncbi.public,s3.us-east-1",SRX1739085,GSM2141342,EU34,Salmonella,Illumina HiSeq 2000,SINGLE,cDNA,TRANSCRIPTOMIC,Homo sapiens,ILLUMINA,2016-09-07T00:00:00Z,2016-05-03T12:40:00Z,1,GSM2141342,Macrophages,SRP074274,2 hr
SRR3471728,RNA-Seq,100,2290273400,PRJNA320361,SAMN04932942,1652413078,macrophage,GEO,public,"run.zq,sra","gs,ncbi,s3","gs.us-east1,ncbi.public,s3.us-east-1",SRX1739086,GSM2141343,EU36,Listeria,Illumina HiSeq 2000,SINGLE,cDNA,TRANSCRIPTOMIC,Homo sapiens,ILLUMINA,2016-09-07T00:00:00Z,2016-05-03T11:39:00Z,1,GSM2141343,Macrophages,SRP074274,2 hr
SRR3471729,RNA-Seq,100,1707076800,PRJNA320361,SAMN04932943,1232465700,macrophage,GEO,public,"run.zq,sra","gs,ncbi,s3","gs.us-east1,ncbi.public,s3.us-east-1",SRX1739087,GSM2141344,EU36,Non-infected,Illumina HiSeq 2000,SINGLE,cDNA,TRANSCRIPTOMIC,Homo sapiens,ILLUMINA,2016-09-07T00:00:00Z,2016-05-03T12:37:00Z,1,GSM2141344,Macrophages,SRP074274,2 hr
SRR3471730,RNA-Seq,100,2525931100,PRJNA320361,SAMN04932944,1822045874,macrophage,GEO,public,"run.zq,sra","gs,ncbi,s3","gs.us-east1,ncbi.public,s3.us-east-1",SRX1739088,GSM2141345,EU36,Salmonella,Illumina HiSeq 2000,SINGLE,cDNA,TRANSCRIPTOMIC,Homo sapiens,ILLUMINA,2016-09-07T00:00:00Z,2016-05-03T12:40:00Z,1,GSM2141345,Macrophages,SRP074274,2 hr
SRR3471731,RNA-Seq,100,3105526900,PRJNA320361,SAMN04932945,2075253645,macrophage,GEO,public,"run.zq,sra","gs,ncbi,s3","gs.us-east1,ncbi.public,s3.us-east-1",SRX1739089,GSM2141346,EU42,Listeria,Illumina HiSeq 2000,SINGLE,cDNA,TRANSCRIPTOMIC,Homo sapiens,ILLUMINA,2016-09-07T00:00:00Z,2016-05-03T11:40:00Z,1,GSM2141346,Macrophages,SRP074274,2 hr
SRR3471732,RNA-Seq,100,2850357700,PRJNA320361,SAMN04932946,1899746313,macrophage,GEO,public,"run.zq,sra","gs,ncbi,s3","gs.us-east1,ncbi.public,s3.us-east-1",SRX1739090,GSM2141347,EU42,Non-infected,Illumina HiSeq 2000,SINGLE,cDNA,TRANSCRIPTOMIC,Homo sapiens,ILLUMINA,2016-09-07T00:00:00Z,2016-05-03T12:41:00Z,1,GSM2141347,Macrophages,SRP074274,2 hr
SRR3471733,RNA-Seq,100,2050804700,PRJNA320361,SAMN04932947,1366597511,macrophage,GEO,public,"run.zq,sra","gs,ncbi,s3","gs.us-east1,ncbi.public,s3.us-east-1",SRX1739091,GSM2141348,EU42,Salmonella,Illumina HiSeq 2000,SINGLE,cDNA,TRANSCRIPTOMIC,Homo sapiens,ILLUMINA,2016-09-07T00:00:00Z,2016-05-03T12:40:00Z,1,GSM2141348,Macrophages,SRP074274,2 hr
SRR3471734,RNA-Seq,100,3469860600,PRJNA320361,SAMN04932948,2378059075,macrophage,GEO,public,"run.zq,sra","gs,ncbi,s3","gs.us-east1,ncbi.public,s3.us-east-1",SRX1739092,GSM2141349,EU46,Listeria,Illumina HiSeq 2000,SINGLE,cDNA,TRANSCRIPTOMIC,Homo sapiens,ILLUMINA,2016-09-07T00:00:00Z,2016-05-03T11:42:00Z,1,GSM2141349,Macrophages,SRP074274,2 hr
SRR3471735,RNA-Seq,100,2934572300,PRJNA320361,SAMN04932949,2006512346,macrophage,GEO,public,"run.zq,sra","gs,ncbi,s3","gs.us-east1,ncbi.public,s3.us-east-1",SRX1739093,GSM2141350,EU46,Non-infected,Illumina HiSeq 2000,SINGLE,cDNA,TRANSCRIPTOMIC,Homo sapiens,ILLUMINA,2016-09-07T00:00:00Z,2016-05-03T12:43:00Z,1,GSM2141350,Macrophages,SRP074274,2 hr
SRR3471736,RNA-Seq,100,2896093900,PRJNA320361,SAMN04932950,1991899398,macrophage,GEO,public,"run.zq,sra","gs,ncbi,s3","gs.us-east1,ncbi.public,s3.us-east-1",SRX1739094,GSM2141351,EU46,Salmonella,Illumina HiSeq 2000,SINGLE,cDNA,TRANSCRIPTOMIC,Homo sapiens,ILLUMINA,2016-09-07T00:00:00Z,2016-05-03T11:41:00Z,1,GSM2141351,Macrophages,SRP074274,2 hr
SRR3471737,RNA-Seq,100,3407389500,PRJNA320361,SAMN04932841,2308202602,macrophage,GEO,public,"run.zq,sra","gs,ncbi,s3","gs.us-east1,ncbi.public,s3.us-east-1",SRX1739095,GSM2141352,EU48,Listeria,Illumina HiSeq 2000,SINGLE,cDNA,TRANSCRIPTOMIC,Homo sapiens,ILLUMINA,2016-09-07T00:00:00Z,2016-05-03T11:42:00Z,1,GSM2141352,Macrophages,SRP074274,2 hr
SRR3471738,RNA-Seq,100,2993989900,PRJNA320361,SAMN04932842,2031760967,macrophage,GEO,public,"run.zq,sra","gs,ncbi,s3","gs.us-east1,ncbi.public,s3.us-east-1",SRX1739096,GSM2141353,EU48,Non-infected,Illumina HiSeq 2000,SINGLE,cDNA,TRANSCRIPTOMIC,Homo sapiens,ILLUMINA,2016-09-07T00:00:00Z,2016-05-03T12:46:00Z,1,GSM2141353,Macrophages,SRP074274,2 hr
SRR3471739,RNA-Seq,100,2884473100,PRJNA320361,SAMN04932843,1955811862,macrophage,GEO,public,"run.zq,sra","gs,ncbi,s3","gs.us-east1,ncbi.public,s3.us-east-1",SRX1739097,GSM2141354,EU48,Salmonella,Illumina HiSeq 2000,SINGLE,cDNA,TRANSCRIPTOMIC,Homo sapiens,ILLUMINA,2016-09-07T00:00:00Z,2016-05-03T11:45:00Z,1,GSM2141354,Macrophages,SRP074274,2 hr
SRR3471740,RNA-Seq,100,3933916100,PRJNA320361,SAMN04932844,2853439195,macrophage,GEO,public,"run.zq,sra","gs,ncbi,s3","gs.us-east1,ncbi.public,s3.us-east-1",SRX1739098,GSM2141355,EU50,Listeria,Illumina HiSeq 2000,SINGLE,cDNA,TRANSCRIPTOMIC,Homo sapiens,ILLUMINA,2016-09-07T00:00:00Z,2016-05-03T11:56:00Z,1,GSM2141355,Macrophages,SRP074274,2 hr
SRR3471741,RNA-Seq,100,3485367800,PRJNA320361,SAMN04932845,2528300934,macrophage,GEO,public,"run.zq,sra","gs,ncbi,s3","gs.us-east1,ncbi.public,s3.us-east-1",SRX1739099,GSM2141356,EU50,Non-infected,Illumina HiSeq 2000,SINGLE,cDNA,TRANSCRIPTOMIC,Homo sapiens,ILLUMINA,2016-09-07T00:00:00Z,2016-05-03T12:46:00Z,1,GSM2141356,Macrophages,SRP074274,2 hr
SRR3471742,RNA-Seq,100,3934107200,PRJNA320361,SAMN04932846,2860299751,macrophage,GEO,public,"run.zq,sra","gs,ncbi,s3","gs.us-east1,ncbi.public,s3.us-east-1",SRX1739100,GSM2141357,EU50,Salmonella,Illumina HiSeq 2000,SINGLE,cDNA,TRANSCRIPTOMIC,Homo sapiens,ILLUMINA,2016-09-07T00:00:00Z,2016-05-03T12:48:00Z,1,GSM2141357,Macrophages,SRP074274,2 hr
SRR3471743,RNA-Seq,100,2468767800,PRJNA320361,SAMN04932951,1680339665,macrophage,GEO,public,"run.zq,sra","gs,ncbi,s3","gs.us-east1,ncbi.public,s3.us-east-1",SRX1739101,GSM2141358,EU52,Listeria,Illumina HiSeq 2000,SINGLE,cDNA,TRANSCRIPTOMIC,Homo sapiens,ILLUMINA,2016-09-07T00:00:00Z,2016-05-03T11:45:00Z,1,GSM2141358,Macrophages,SRP074274,2 hr
SRR3471744,RNA-Seq,100,3417745600,PRJNA320361,SAMN04932952,2309634884,macrophage,GEO,public,"run.zq,sra","gs,ncbi,s3","gs.us-east1,ncbi.public,s3.us-east-1",SRX1739102,GSM2141359,EU52,Non-infected,Illumina HiSeq 2000,SINGLE,cDNA,TRANSCRIPTOMIC,Homo sapiens,ILLUMINA,2016-09-07T00:00:00Z,2016-05-03T11:48:00Z,1,GSM2141359,Macrophages,SRP074274,2 hr
SRR3471745,RNA-Seq,100,3709919000,PRJNA320361,SAMN04932847,2502964205,macrophage,GEO,public,"run.zq,sra","gs,ncbi,s3","gs.us-east1,ncbi.public,s3.us-east-1",SRX1739103,GSM2141360,EU52,Salmonella,Illumina HiSeq 2000,SINGLE,cDNA,TRANSCRIPTOMIC,Homo sapiens,ILLUMINA,2016-09-07T00:00:00Z,2016-05-03T11:50:00Z,1,GSM2141360,Macrophages,SRP074274,2 hr
SRR3471746,RNA-Seq,100,2793027100,PRJNA320361,SAMN04932848,1898699724,macrophage,GEO,public,"run.zq,sra","gs,ncbi,s3","gs.us-east1,ncbi.public,s3.us-east-1",SRX1739104,GSM2141361,EU54,Listeria,Illumina HiSeq 2000,SINGLE,cDNA,TRANSCRIPTOMIC,Homo sapiens,ILLUMINA,2016-09-07T00:00:00Z,2016-05-03T11:51:00Z,1,GSM2141361,Macrophages,SRP074274,2 hr
SRR3471747,RNA-Seq,100,3009535800,PRJNA320361,SAMN04932849,2044601111,macrophage,GEO,public,"run.zq,sra","gs,ncbi,s3","gs.us-east1,ncbi.public,s3.us-east-1",SRX1739105,GSM2141362,EU54,Non-infected,Illumina HiSeq 2000,SINGLE,cDNA,TRANSCRIPTOMIC,Homo sapiens,ILLUMINA,2016-09-07T00:00:00Z,2016-05-03T12:49:00Z,1,GSM2141362,Macrophages,SRP074274,2 hr
SRR3471748,RNA-Seq,100,3006725300,PRJNA320361,SAMN04932850,2036832701,macrophage,GEO,public,"run.zq,sra","gs,ncbi,s3","gs.us-east1,ncbi.public,s3.us-east-1",SRX1739106,GSM2141363,EU54,Salmonella,Illumina HiSeq 2000,SINGLE,cDNA,TRANSCRIPTOMIC,Homo sapiens,ILLUMINA,2016-09-07T00:00:00Z,2016-05-03T12:51:00Z,1,GSM2141363,Macrophages,SRP074274,2 hr
SRR3471749,RNA-Seq,100,3036573100,PRJNA320361,SAMN04932851,2101160134,macrophage,GEO,public,"run.zq,sra","gs,ncbi,s3","gs.us-east1,ncbi.public,s3.us-east-1",SRX1739107,GSM2141364,EU58,Listeria,Illumina HiSeq 2000,SINGLE,cDNA,TRANSCRIPTOMIC,Homo sapiens,ILLUMINA,2016-09-07T00:00:00Z,2016-05-03T12:51:00Z,1,GSM2141364,Macrophages,SRP074274,2 hr
SRR3471750,RNA-Seq,100,2850532300,PRJNA320361,SAMN04932852,1965535100,macrophage,GEO,public,"run.zq,sra","gs,ncbi,s3","gs.us-east1,ncbi.public,s3.us-east-1",SRX1739108,GSM2141365,EU58,Non-infected,Illumina HiSeq 2000,SINGLE,cDNA,TRANSCRIPTOMIC,Homo sapiens,ILLUMINA,2016-09-07T00:00:00Z,2016-05-03T11:52:00Z,1,GSM2141365,Macrophages,SRP074274,2 hr
SRR3471751,RNA-Seq,100,2985101900,PRJNA320361,SAMN04932853,2057961819,macrophage,GEO,public,"run.zq,sra","gs,ncbi,s3","gs.us-east1,ncbi.public,s3.us-east-1",SRX1739109,GSM2141366,EU58,Salmonella,Illumina HiSeq 2000,SINGLE,cDNA,TRANSCRIPTOMIC,Homo sapiens,ILLUMINA,2016-09-07T00:00:00Z,2016-05-03T11:53:00Z,1,GSM2141366,Macrophages,SRP074274,2 hr
SRR3471752,RNA-Seq,100,3242302800,PRJNA320361,SAMN04932854,2265414780,macrophage,GEO,public,"run.zq,sra","gs,ncbi,s3","gs.us-east1,ncbi.public,s3.us-east-1",SRX1739110,GSM2141367,EU60,Listeria,Illumina HiSeq 2000,SINGLE,cDNA,TRANSCRIPTOMIC,Homo sapiens,ILLUMINA,2016-09-07T00:00:00Z,2016-05-03T11:54:00Z,1,GSM2141367,Macrophages,SRP074274,2 hr
SRR3471753,RNA-Seq,100,3151541200,PRJNA320361,SAMN04932855,2187700193,macrophage,GEO,public,"run.zq,sra","gs,ncbi,s3","gs.us-east1,ncbi.public,s3.us-east-1",SRX1739111,GSM2141368,EU60,Non-infected,Illumina HiSeq 2000,SINGLE,cDNA,TRANSCRIPTOMIC,Homo sapiens,ILLUMINA,2016-09-07T00:00:00Z,2016-05-03T12:53:00Z,1,GSM2141368,Macrophages,SRP074274,2 hr
SRR3471754,RNA-Seq,100,2689936300,PRJNA320361,SAMN04932856,1874930280,macrophage,GEO,public,"run.zq,sra","gs,ncbi,s3","gs.us-east1,ncbi.public,s3.us-east-1",SRX1739112,GSM2141369,EU60,Salmonella,Illumina HiSeq 2000,SINGLE,cDNA,TRANSCRIPTOMIC,Homo sapiens,ILLUMINA,2016-09-07T00:00:00Z,2016-05-03T11:49:00Z,1,GSM2141369,Macrophages,SRP074274,2 hr
SRR3471755,RNA-Seq,100,3068941500,PRJNA320361,SAMN04932857,2197895330,macrophage,GEO,public,"run.zq,sra","gs,ncbi,s3","gs.us-east1,ncbi.public,s3.us-east-1",SRX1739113,GSM2141370,EU62,Listeria,Illumina HiSeq 2000,SINGLE,cDNA,TRANSCRIPTOMIC,Homo sapiens,ILLUMINA,2016-09-07T00:00:00Z,2016-05-03T12:53:00Z,1,GSM2141370,Macrophages,SRP074274,2 hr
SRR3471756,RNA-Seq,100,3688314400,PRJNA320361,SAMN04932858,2638139978,macrophage,GEO,public,"run.zq,sra","gs,ncbi,s3","gs.us-east1,ncbi.public,s3.us-east-1",SRX1739114,GSM2141371,EU62,Non-infected,Illumina HiSeq 2000,SINGLE,cDNA,TRANSCRIPTOMIC,Homo sapiens,ILLUMINA,2016-09-07T00:00:00Z,2016-05-03T11:55:00Z,1,GSM2141371,Macrophages,SRP074274,2 hr
SRR3471757,RNA-Seq,100,4503763600,PRJNA320361,SAMN04932859,3216323234,macrophage,GEO,public,"run.zq,sra","gs,ncbi,s3","gs.us-east1,ncbi.public,s3.us-east-1",SRX1739115,GSM2141372,EU62,Salmonella,Illumina HiSeq 2000,SINGLE,cDNA,TRANSCRIPTOMIC,Homo sapiens,ILLUMINA,2016-09-07T00:00:00Z,2016-05-03T11:57:00Z,1,GSM2141372,Macrophages,SRP074274,2 hr
SRR3471758,RNA-Seq,100,4173676800,PRJNA320361,SAMN04932860,2873316689,macrophage,GEO,public,"run.zq,sra","gs,ncbi,s3","gs.us-east1,ncbi.public,s3.us-east-1",SRX1739116,GSM2141373,EU64,Listeria,Illumina HiSeq 2000,SINGLE,cDNA,TRANSCRIPTOMIC,Homo sapiens,ILLUMINA,2016-09-07T00:00:00Z,2016-05-03T11:56:00Z,1,GSM2141373,Macrophages,SRP074274,2 hr
SRR3471759,RNA-Seq,100,3432054500,PRJNA320361,SAMN04932861,2350682820,macrophage,GEO,public,"run.zq,sra","gs,ncbi,s3","gs.us-east1,ncbi.public,s3.us-east-1",SRX1739117,GSM2141374,EU64,Non-infected,Illumina HiSeq 2000,SINGLE,cDNA,TRANSCRIPTOMIC,Homo sapiens,ILLUMINA,2016-09-07T00:00:00Z,2016-05-03T12:55:00Z,1,GSM2141374,Macrophages,SRP074274,2 hr
SRR3471760,RNA-Seq,100,2610468700,PRJNA320361,SAMN04932862,1788543953,macrophage,GEO,public,"run.zq,sra","gs,ncbi,s3","gs.us-east1,ncbi.public,s3.us-east-1",SRX1739118,GSM2141375,EU64,Salmonella,Illumina HiSeq 2000,SINGLE,cDNA,TRANSCRIPTOMIC,Homo sapiens,ILLUMINA,2016-09-07T00:00:00Z,2016-05-03T11:55:00Z,1,GSM2141375,Macrophages,SRP074274,2 hr
SRR3471761,RNA-Seq,100,2353720500,PRJNA320361,SAMN04932863,1594363463,macrophage,GEO,public,"run.zq,sra","gs,ncbi,s3","gs.us-east1,ncbi.public,s3.us-east-1",SRX1739119,GSM2141376,EU66,Listeria,Illumina HiSeq 2000,SINGLE,cDNA,TRANSCRIPTOMIC,Homo sapiens,ILLUMINA,2016-09-07T00:00:00Z,2016-05-03T11:55:00Z,1,GSM2141376,Macrophages,SRP074274,2 hr
SRR3471762,RNA-Seq,100,3381611500,PRJNA320361,SAMN04932864,2289177415,macrophage,GEO,public,"run.zq,sra","gs,ncbi,s3","gs.us-east1,ncbi.public,s3.us-east-1",SRX1739120,GSM2141377,EU66,Non-infected,Illumina HiSeq 2000,SINGLE,cDNA,TRANSCRIPTOMIC,Homo sapiens,ILLUMINA,2016-09-07T00:00:00Z,2016-05-03T11:57:00Z,1,GSM2141377,Macrophages,SRP074274,2 hr
SRR3471763,RNA-Seq,100,3692623500,PRJNA320361,SAMN04932865,2498072394,macrophage,GEO,public,"run.zq,sra","gs,ncbi,s3","gs.us-east1,ncbi.public,s3.us-east-1",SRX1739121,GSM2141378,EU66,Salmonella,Illumina HiSeq 2000,SINGLE,cDNA,TRANSCRIPTOMIC,Homo sapiens,ILLUMINA,2016-09-07T00:00:00Z,2016-05-03T12:58:00Z,1,GSM2141378,Macrophages,SRP074274,2 hr
SRR3471764,RNA-Seq,100,3516577800,PRJNA320361,SAMN04932866,2541246071,macrophage,GEO,public,"run.zq,sra","gs,ncbi,s3","gs.us-east1,ncbi.public,s3.us-east-1",SRX1739122,GSM2141379,EU68,Listeria,Illumina HiSeq 2000,SINGLE,cDNA,TRANSCRIPTOMIC,Homo sapiens,ILLUMINA,2016-09-07T00:00:00Z,2016-05-03T12:05:00Z,1,GSM2141379,Macrophages,SRP074274,2 hr
SRR3471765,RNA-Seq,100,2764141800,PRJNA320361,SAMN04932867,2002615049,macrophage,GEO,public,"run.zq,sra","gs,ncbi,s3","gs.us-east1,ncbi.public,s3.us-east-1",SRX1739123,GSM2141380,EU68,Non-infected,Illumina HiSeq 2000,SINGLE,cDNA,TRANSCRIPTOMIC,Homo sapiens,ILLUMINA,2016-09-07T00:00:00Z,2016-05-03T11:56:00Z,1,GSM2141380,Macrophages,SRP074274,2 hr
SRR3471766,RNA-Seq,100,3615534200,PRJNA320361,SAMN04932868,2612277304,macrophage,GEO,public,"run.zq,sra","gs,ncbi,s3","gs.us-east1,ncbi.public,s3.us-east-1",SRX1739124,GSM2141381,EU68,Salmonella,Illumina HiSeq 2000,SINGLE,cDNA,TRANSCRIPTOMIC,Homo sapiens,ILLUMINA,2016-09-07T00:00:00Z,2016-05-03T12:00:00Z,1,GSM2141381,Macrophages,SRP074274,2 hr
SRR3471767,RNA-Seq,100,3385612500,PRJNA320361,SAMN04932869,2446912115,macrophage,GEO,public,"run.zq,sra","gs,ncbi,s3","gs.us-east1,ncbi.public,s3.us-east-1",SRX1739125,GSM2141382,EU70,Listeria,Illumina HiSeq 2000,SINGLE,cDNA,TRANSCRIPTOMIC,Homo sapiens,ILLUMINA,2016-09-07T00:00:00Z,2016-05-03T13:41:00Z,1,GSM2141382,Macrophages,SRP074274,2 hr
SRR3471768,RNA-Seq,100,3748741300,PRJNA320361,SAMN04932870,2718506275,macrophage,GEO,public,"run.zq,sra","gs,ncbi,s3","gs.us-east1,ncbi.public,s3.us-east-1",SRX1739126,GSM2141383,EU70,Non-infected,Illumina HiSeq 2000,SINGLE,cDNA,TRANSCRIPTOMIC,Homo sapiens,ILLUMINA,2016-09-07T00:00:00Z,2016-05-03T12:02:00Z,1,GSM2141383,Macrophages,SRP074274,2 hr
SRR3471769,RNA-Seq,100,3134456100,PRJNA320361,SAMN04933041,2263635077,macrophage,GEO,public,"run.zq,sra","gs,ncbi,s3","gs.us-east1,ncbi.public,s3.us-east-1",SRX1739127,GSM2141384,EU70,Salmonella,Illumina HiSeq 2000,SINGLE,cDNA,TRANSCRIPTOMIC,Homo sapiens,ILLUMINA,2016-09-07T00:00:00Z,2016-05-03T13:42:00Z,1,GSM2141384,Macrophages,SRP074274,2 hr
SRR3471770,RNA-Seq,100,3466220200,PRJNA320361,SAMN04933042,2516007952,macrophage,GEO,public,"run.zq,sra","gs,ncbi,s3","gs.us-east1,ncbi.public,s3.us-east-1",SRX1739128,GSM2141385,EU72,Listeria,Illumina HiSeq 2000,SINGLE,cDNA,TRANSCRIPTOMIC,Homo sapiens,ILLUMINA,2016-09-07T00:00:00Z,2016-05-03T13:44:00Z,1,GSM2141385,Macrophages,SRP074274,2 hr
SRR3471771,RNA-Seq,100,3293002600,PRJNA320361,SAMN04933043,2395398415,macrophage,GEO,public,"run.zq,sra","gs,ncbi,s3","gs.us-east1,ncbi.public,s3.us-east-1",SRX1739129,GSM2141386,EU72,Non-infected,Illumina HiSeq 2000,SINGLE,cDNA,TRANSCRIPTOMIC,Homo sapiens,ILLUMINA,2016-09-07T00:00:00Z,2016-05-03T12:02:00Z,1,GSM2141386,Macrophages,SRP074274,2 hr
SRR3471772,RNA-Seq,100,3417164200,PRJNA320361,SAMN04933044,2468403287,macrophage,GEO,public,"run.zq,sra","gs,ncbi,s3","gs.us-east1,ncbi.public,s3.us-east-1",SRX1739130,GSM2141387,EU72,Salmonella,Illumina HiSeq 2000,SINGLE,cDNA,TRANSCRIPTOMIC,Homo sapiens,ILLUMINA,2016-09-07T00:00:00Z,2016-05-03T12:03:00Z,1,GSM2141387,Macrophages,SRP074274,2 hr
SRR3471773,RNA-Seq,100,4079906100,PRJNA320361,SAMN04933045,3021386263,macrophage,GEO,public,"run.zq,sra","gs,ncbi,s3","gs.us-east1,ncbi.public,s3.us-east-1",SRX1739131,GSM2141388,EU74,Listeria,Illumina HiSeq 2000,SINGLE,cDNA,TRANSCRIPTOMIC,Homo sapiens,ILLUMINA,2016-09-07T00:00:00Z,2016-05-03T13:46:00Z,1,GSM2141388,Macrophages,SRP074274,2 hr
SRR3471774,RNA-Seq,100,3511109000,PRJNA320361,SAMN04933046,2612478782,macrophage,GEO,public,"run.zq,sra","gs,ncbi,s3","gs.us-east1,ncbi.public,s3.us-east-1",SRX1739132,GSM2141389,EU74,Non-infected,Illumina HiSeq 2000,SINGLE,cDNA,TRANSCRIPTOMIC,Homo sapiens,ILLUMINA,2016-09-07T00:00:00Z,2016-05-03T12:03:00Z,1,GSM2141389,Macrophages,SRP074274,2 hr
SRR3471775,RNA-Seq,100,3032508100,PRJNA320361,SAMN04933047,2247346282,macrophage,GEO,public,"run.zq,sra","gs,ncbi,s3","gs.us-east1,ncbi.public,s3.us-east-1",SRX1739133,GSM2141390,EU74,Salmonella,Illumina HiSeq 2000,SINGLE,cDNA,TRANSCRIPTOMIC,Homo sapiens,ILLUMINA,2016-09-07T00:00:00Z,2016-05-03T13:37:00Z,1,GSM2141390,Macrophages,SRP074274,2 hr
SRR3471776,RNA-Seq,100,3410120900,PRJNA320361,SAMN04933048,2511169158,macrophage,GEO,public,"run.zq,sra","gs,ncbi,s3","gs.us-east1,ncbi.public,s3.us-east-1",SRX1739134,GSM2141391,EU76,Listeria,Illumina HiSeq 2000,SINGLE,cDNA,TRANSCRIPTOMIC,Homo sapiens,ILLUMINA,2016-09-07T00:00:00Z,2016-05-03T12:12:00Z,1,GSM2141391,Macrophages,SRP074274,2 hr
SRR3471777,RNA-Seq,100,3736813700,PRJNA320361,SAMN04933049,2739873779,macrophage,GEO,public,"run.zq,sra","gs,ncbi,s3","gs.us-east1,ncbi.public,s3.us-east-1",SRX1739135,GSM2141392,EU76,Non-infected,Illumina HiSeq 2000,SINGLE,cDNA,TRANSCRIPTOMIC,Homo sapiens,ILLUMINA,2016-09-07T00:00:00Z,2016-05-03T13:39:00Z,1,GSM2141392,Macrophages,SRP074274,2 hr
SRR3471778,RNA-Seq,100,3812947800,PRJNA320361,SAMN04933050,2800350549,macrophage,GEO,public,"run.zq,sra","gs,ncbi,s3","gs.us-east1,ncbi.public,s3.us-east-1",SRX1739136,GSM2141393,EU76,Salmonella,Illumina HiSeq 2000,SINGLE,cDNA,TRANSCRIPTOMIC,Homo sapiens,ILLUMINA,2016-09-07T00:00:00Z,2016-05-03T12:05:00Z,1,GSM2141393,Macrophages,SRP074274,2 hr
SRR3471779,RNA-Seq,100,2967545400,PRJNA320361,SAMN04933051,2185314932,macrophage,GEO,public,"run.zq,sra","gs,ncbi,s3","gs.us-east1,ncbi.public,s3.us-east-1",SRX1739137,GSM2141394,EU78,Listeria,Illumina HiSeq 2000,SINGLE,cDNA,TRANSCRIPTOMIC,Homo sapiens,ILLUMINA,2016-09-07T00:00:00Z,2016-05-03T12:05:00Z,1,GSM2141394,Macrophages,SRP074274,2 hr
SRR3471780,RNA-Seq,100,3267154000,PRJNA320361,SAMN04933052,2407527767,macrophage,GEO,public,"run.zq,sra","gs,ncbi,s3","gs.us-east1,ncbi.public,s3.us-east-1",SRX1739138,GSM2141395,EU78,Non-infected,Illumina HiSeq 2000,SINGLE,cDNA,TRANSCRIPTOMIC,Homo sapiens,ILLUMINA,2016-09-07T00:00:00Z,2016-05-03T13:46:00Z,1,GSM2141395,Macrophages,SRP074274,2 hr
SRR3471781,RNA-Seq,100,2172483900,PRJNA320361,SAMN04933053,1603270645,macrophage,GEO,public,"run.zq,sra","gs,ncbi,s3","gs.us-east1,ncbi.public,s3.us-east-1",SRX1739139,GSM2141396,EU78,Salmonella,Illumina HiSeq 2000,SINGLE,cDNA,TRANSCRIPTOMIC,Homo sapiens,ILLUMINA,2016-09-07T00:00:00Z,2016-05-03T13:46:00Z,1,GSM2141396,Macrophages,SRP074274,2 hr
SRR3471782,RNA-Seq,100,3777799500,PRJNA320361,SAMN04933054,2733229635,macrophage,GEO,public,"run.zq,sra","gs,ncbi,s3","gs.us-east1,ncbi.public,s3.us-east-1",SRX1739140,GSM2141397,EU80,Listeria,Illumina HiSeq 2000,SINGLE,cDNA,TRANSCRIPTOMIC,Homo sapiens,ILLUMINA,2016-09-07T00:00:00Z,2016-05-03T13:49:00Z,1,GSM2141397,Macrophages,SRP074274,2 hr
SRR3471783,RNA-Seq,100,3333266800,PRJNA320361,SAMN04933055,2424005018,macrophage,GEO,public,"run.zq,sra","gs,ncbi,s3","gs.us-east1,ncbi.public,s3.us-east-1",SRX1739141,GSM2141398,EU80,Non-infected,Illumina HiSeq 2000,SINGLE,cDNA,TRANSCRIPTOMIC,Homo sapiens,ILLUMINA,2016-09-07T00:00:00Z,2016-05-03T12:07:00Z,1,GSM2141398,Macrophages,SRP074274,2 hr
SRR3471784,RNA-Seq,100,3139778200,PRJNA320361,SAMN04933056,2270261263,macrophage,GEO,public,"run.zq,sra","gs,ncbi,s3","gs.us-east1,ncbi.public,s3.us-east-1",SRX1739142,GSM2141399,EU80,Salmonella,Illumina HiSeq 2000,SINGLE,cDNA,TRANSCRIPTOMIC,Homo sapiens,ILLUMINA,2016-09-07T00:00:00Z,2016-05-03T12:06:00Z,1,GSM2141399,Macrophages,SRP074274,2 hr
SRR3471785,RNA-Seq,101,3921506598,PRJNA320361,SAMN04933057,1747489202,macrophage,GEO,public,"fastq,run.zq,sra","gs,ncbi,s3","gs.us-east1,ncbi.public,s3.us-east-1",SRX1739143,GSM2141400,AF101,Listeria,Illumina HiSeq 2500,SINGLE,cDNA,TRANSCRIPTOMIC,Homo sapiens,ILLUMINA,2016-09-07T00:00:00Z,2016-05-03T10:31:00Z,1,GSM2141400,Macrophages,SRP074274,2 hr
SRR3471786,RNA-Seq,101,3713517197,PRJNA320361,SAMN04933058,1668094274,macrophage,GEO,public,"fastq,run.zq,sra","gs,ncbi,s3","gs.us-east1,ncbi.public,s3.us-east-1",SRX1739144,GSM2141401,AF101,Non-infected,Illumina HiSeq 2500,SINGLE,cDNA,TRANSCRIPTOMIC,Homo sapiens,ILLUMINA,2016-09-07T00:00:00Z,2016-05-03T10:37:00Z,1,GSM2141401,Macrophages,SRP074274,2 hr
SRR3471787,RNA-Seq,101,3114752736,PRJNA320361,SAMN04933059,1386285615,macrophage,GEO,public,"fastq,run.zq,sra","gs,ncbi,s3","gs.us-east1,ncbi.public,s3.us-east-1",SRX1739145,GSM2141402,AF101,Salmonella,Illumina HiSeq 2500,SINGLE,cDNA,TRANSCRIPTOMIC,Homo sapiens,ILLUMINA,2016-09-07T00:00:00Z,2016-05-03T10:30:00Z,1,GSM2141402,Macrophages,SRP074274,2 hr
SRR3471788,RNA-Seq,101,3496854926,PRJNA320361,SAMN04933060,1557625315,macrophage,GEO,public,"fastq,run.zq,sra","gs,ncbi,s3","gs.us-east1,ncbi.public,s3.us-east-1",SRX1739146,GSM2141403,AF105,Listeria,Illumina HiSeq 2500,SINGLE,cDNA,TRANSCRIPTOMIC,Homo sapiens,ILLUMINA,2016-09-07T00:00:00Z,2016-05-03T10:32:00Z,1,GSM2141403,Macrophages,SRP074274,2 hr
SRR3471789,RNA-Seq,101,3405131675,PRJNA320361,SAMN04933061,1511923983,macrophage,GEO,public,"fastq,run.zq,sra","gs,ncbi,s3","gs.us-east1,ncbi.public,s3.us-east-1",SRX1739147,GSM2141404,AF105,Non-infected,Illumina HiSeq 2500,SINGLE,cDNA,TRANSCRIPTOMIC,Homo sapiens,ILLUMINA,2016-09-07T00:00:00Z,2016-05-03T10:32:00Z,1,GSM2141404,Macrophages,SRP074274,2 hr
SRR3471790,RNA-Seq,101,3584924603,PRJNA320361,SAMN04933062,1585424418,macrophage,GEO,public,"fastq,run.zq,sra","gs,ncbi,s3","gs.us-east1,ncbi.public,s3.us-east-1",SRX1739148,GSM2141405,AF105,Salmonella,Illumina HiSeq 2500,SINGLE,cDNA,TRANSCRIPTOMIC,Homo sapiens,ILLUMINA,2016-09-07T00:00:00Z,2016-05-03T10:31:00Z,1,GSM2141405,Macrophages,SRP074274,2 hr
SRR3471791,RNA-Seq,101,3543811644,PRJNA320361,SAMN04933063,1588645959,macrophage,GEO,public,"fastq,run.zq,sra","gs,ncbi,s3","gs.us-east1,ncbi.public,s3.us-east-1",SRX1739149,GSM2141406,AF107,Listeria,Illumina HiSeq 2500,SINGLE,cDNA,TRANSCRIPTOMIC,Homo sapiens,ILLUMINA,2016-09-07T00:00:00Z,2016-05-03T10:32:00Z,1,GSM2141406,Macrophages,SRP074274,2 hr
SRR3471792,RNA-Seq,101,3205876148,PRJNA320361,SAMN04933064,1441619959,macrophage,GEO,public,"fastq,run.zq,sra","gs,ncbi,s3","gs.us-east1,ncbi.public,s3.us-east-1",SRX1739150,GSM2141407,AF107,Non-infected,Illumina HiSeq 2500,SINGLE,cDNA,TRANSCRIPTOMIC,Homo sapiens,ILLUMINA,2016-09-07T00:00:00Z,2016-05-03T10:31:00Z,1,GSM2141407,Macrophages,SRP074274,2 hr
SRR3471793,RNA-Seq,101,3735021612,PRJNA320361,SAMN04933065,1666392871,macrophage,GEO,public,"fastq,run.zq,sra","gs,ncbi,s3","gs.us-east1,ncbi.public,s3.us-east-1",SRX1739151,GSM2141408,AF107,Salmonella,Illumina HiSeq 2500,SINGLE,cDNA,TRANSCRIPTOMIC,Homo sapiens,ILLUMINA,2016-09-07T00:00:00Z,2016-05-03T10:32:00Z,1,GSM2141408,Macrophages,SRP074274,2 hr
SRR3471794,RNA-Seq,101,3399237618,PRJNA320361,SAMN04933066,1537184664,macrophage,GEO,public,"fastq,run.zq,sra","gs,ncbi,s3","gs.us-east1,ncbi.public,s3.us-east-1",SRX1739152,GSM2141409,AF109,Listeria,Illumina HiSeq 2500,SINGLE,cDNA,TRANSCRIPTOMIC,Homo sapiens,ILLUMINA,2016-09-07T00:00:00Z,2016-05-03T10:31:00Z,1,GSM2141409,Macrophages,SRP074274,2 hr
SRR3471795,RNA-Seq,101,4057430883,PRJNA320361,SAMN04933067,1823389670,macrophage,GEO,public,"fastq,run.zq,sra","gs,ncbi,s3","gs.us-east1,ncbi.public,s3.us-east-1",SRX1739153,GSM2141410,AF109,Non-infected,Illumina HiSeq 2500,SINGLE,cDNA,TRANSCRIPTOMIC,Homo sapiens,ILLUMINA,2016-09-07T00:00:00Z,2016-05-03T10:33:00Z,1,GSM2141410,Macrophages,SRP074274,2 hr
SRR3471796,RNA-Seq,101,3511861809,PRJNA320361,SAMN04933068,1576647554,macrophage,GEO,public,"fastq,run.zq,sra","gs,ncbi,s3","gs.us-east1,ncbi.public,s3.us-east-1",SRX1739154,GSM2141411,AF109,Salmonella,Illumina HiSeq 2500,SINGLE,cDNA,TRANSCRIPTOMIC,Homo sapiens,ILLUMINA,2016-09-07T00:00:00Z,2016-05-03T10:37:00Z,1,GSM2141411,Macrophages,SRP074274,2 hr
SRR3471797,RNA-Seq,101,3371031146,PRJNA320361,SAMN04933069,1137991517,macrophage,GEO,public,"fastq,run.zq,sra","gs,ncbi,s3","gs.us-east1,ncbi.public,s3.us-east-1",SRX1739155,GSM2141412,AF111,Listeria,Illumina HiSeq 2500,SINGLE,cDNA,TRANSCRIPTOMIC,Homo sapiens,ILLUMINA,2016-09-07T00:00:00Z,2016-05-03T10:31:00Z,1,GSM2141412,Macrophages,SRP074274,2 hr
SRR3471798,RNA-Seq,101,3469771271,PRJNA320361,SAMN04933070,1177203368,macrophage,GEO,public,"fastq,run.zq,sra","gs,ncbi,s3","gs.us-east1,ncbi.public,s3.us-east-1",SRX1739156,GSM2141413,AF111,Non-infected,Illumina HiSeq 2500,SINGLE,cDNA,TRANSCRIPTOMIC,Homo sapiens,ILLUMINA,2016-09-07T00:00:00Z,2016-05-03T10:31:00Z,1,GSM2141413,Macrophages,SRP074274,2 hr
SRR3471799,RNA-Seq,101,3494075911,PRJNA320361,SAMN04933016,1164617892,macrophage,GEO,public,"fastq,run.zq,sra","gs,ncbi,s3","gs.us-east1,ncbi.public,s3.us-east-1",SRX1739157,GSM2141414,AF111,Salmonella,Illumina HiSeq 2500,SINGLE,cDNA,TRANSCRIPTOMIC,Homo sapiens,ILLUMINA,2016-09-07T00:00:00Z,2016-05-03T10:31:00Z,1,GSM2141414,Macrophages,SRP074274,2 hr
SRR3471800,RNA-Seq,101,3726566498,PRJNA320361,SAMN04933017,1668080241,macrophage,GEO,public,"fastq,run.zq,sra","gs,ncbi,s3","gs.us-east1,ncbi.public,s3.us-east-1",SRX1739158,GSM2141415,AF113,Listeria,Illumina HiSeq 2500,SINGLE,cDNA,TRANSCRIPTOMIC,Homo sapiens,ILLUMINA,2016-09-07T00:00:00Z,2016-05-03T10:32:00Z,1,GSM2141415,Macrophages,SRP074274,2 hr
SRR3471801,RNA-Seq,101,3460674100,PRJNA320361,SAMN04933018,1553403896,macrophage,GEO,public,"fastq,run.zq,sra","gs,ncbi,s3","gs.us-east1,ncbi.public,s3.us-east-1",SRX1739159,GSM2141416,AF113,Non-infected,Illumina HiSeq 2500,SINGLE,cDNA,TRANSCRIPTOMIC,Homo sapiens,ILLUMINA,2016-09-07T00:00:00Z,2016-05-03T10:31:00Z,1,GSM2141416,Macrophages,SRP074274,2 hr
SRR3471802,RNA-Seq,101,3680979037,PRJNA320361,SAMN04933019,1644874440,macrophage,GEO,public,"fastq,run.zq,sra","gs,ncbi,s3","gs.us-east1,ncbi.public,s3.us-east-1",SRX1739160,GSM2141417,AF113,Salmonella,Illumina HiSeq 2500,SINGLE,cDNA,TRANSCRIPTOMIC,Homo sapiens,ILLUMINA,2016-09-07T00:00:00Z,2016-05-03T10:32:00Z,1,GSM2141417,Macrophages,SRP074274,2 hr
SRR3471803,RNA-Seq,101,3768165873,PRJNA320361,SAMN04933011,1694873722,macrophage,GEO,public,"fastq,run.zq,sra","gs,ncbi,s3","gs.us-east1,ncbi.public,s3.us-east-1",SRX1739161,GSM2141418,AF115,Listeria,Illumina HiSeq 2500,SINGLE,cDNA,TRANSCRIPTOMIC,Homo sapiens,ILLUMINA,2016-09-07T00:00:00Z,2016-05-03T10:33:00Z,1,GSM2141418,Macrophages,SRP074274,2 hr
SRR3471804,RNA-Seq,101,3252131825,PRJNA320361,SAMN04933012,1456607403,macrophage,GEO,public,"fastq,run.zq,sra","gs,ncbi,s3","gs.us-east1,ncbi.public,s3.us-east-1",SRX1739162,GSM2141419,AF115,Non-infected,Illumina HiSeq 2500,SINGLE,cDNA,TRANSCRIPTOMIC,Homo sapiens,ILLUMINA,2016-09-07T00:00:00Z,2016-05-03T10:31:00Z,1,GSM2141419,Macrophages,SRP074274,2 hr
SRR3471805,RNA-Seq,101,4941124626,PRJNA320361,SAMN04933013,2212682339,macrophage,GEO,public,"fastq,run.zq,sra","gs,ncbi,s3","gs.us-east1,ncbi.public,s3.us-east-1",SRX1739163,GSM2141420,AF115,Salmonella,Illumina HiSeq 2500,SINGLE,cDNA,TRANSCRIPTOMIC,Homo sapiens,ILLUMINA,2016-09-07T00:00:00Z,2016-05-03T10:35:00Z,1,GSM2141420,Macrophages,SRP074274,2 hr
SRR3471806,RNA-Seq,101,3515116130,PRJNA320361,SAMN04933014,1571016258,macrophage,GEO,public,"fastq,run.zq,sra","gs,ncbi,s3","gs.us-east1,ncbi.public,s3.us-east-1",SRX1739164,GSM2141421,AF117,Non-infected,Illumina HiSeq 2500,SINGLE,cDNA,TRANSCRIPTOMIC,Homo sapiens,ILLUMINA,2016-09-07T00:00:00Z,2016-05-03T10:33:00Z,1,GSM2141421,Macrophages,SRP074274,2 hr
SRR3471807,RNA-Seq,101,3882085389,PRJNA320361,SAMN04933015,1729413785,macrophage,GEO,public,"fastq,run.zq,sra","gs,ncbi,s3","gs.us-east1,ncbi.public,s3.us-east-1",SRX1739165,GSM2141422,AF117,Salmonella,Illumina HiSeq 2500,SINGLE,cDNA,TRANSCRIPTOMIC,Homo sapiens,ILLUMINA,2016-09-07T00:00:00Z,2016-05-03T10:33:00Z,1,GSM2141422,Macrophages,SRP074274,2 hr
SRR3471808,RNA-Seq,101,3394426786,PRJNA320361,SAMN04933020,1525811393,macrophage,GEO,public,"fastq,run.zq,sra","gs,ncbi,s3","gs.us-east1,ncbi.public,s3.us-east-1",SRX1739166,GSM2141423,AF119,Listeria,Illumina HiSeq 2500,SINGLE,cDNA,TRANSCRIPTOMIC,Homo sapiens,ILLUMINA,2016-09-07T00:00:00Z,2016-05-03T10:32:00Z,1,GSM2141423,Macrophages,SRP074274,2 hr
SRR3471809,RNA-Seq,101,3391870072,PRJNA320361,SAMN04933021,1518113350,macrophage,GEO,public,"fastq,run.zq,sra","gs,ncbi,s3","gs.us-east1,ncbi.public,s3.us-east-1",SRX1739167,GSM2141424,AF119,Non-infected,Illumina HiSeq 2500,SINGLE,cDNA,TRANSCRIPTOMIC,Homo sapiens,ILLUMINA,2016-09-07T00:00:00Z,2016-05-03T10:32:00Z,1,GSM2141424,Macrophages,SRP074274,2 hr
SRR3471810,RNA-Seq,101,3642217863,PRJNA320361,SAMN04933022,1623972255,macrophage,GEO,public,"fastq,run.zq,sra","gs,ncbi,s3","gs.us-east1,ncbi.public,s3.us-east-1",SRX1739168,GSM2141425,AF119,Salmonella,Illumina HiSeq 2500,SINGLE,cDNA,TRANSCRIPTOMIC,Homo sapiens,ILLUMINA,2016-09-07T00:00:00Z,2016-05-03T10:34:00Z,1,GSM2141425,Macrophages,SRP074274,2 hr
SRR3471811,RNA-Seq,101,4125789400,PRJNA320361,SAMN04933023,1491531191,macrophage,GEO,public,"fastq,run.zq,sra","gs,ncbi,s3","gs.us-east1,ncbi.public,s3.us-east-1",SRX1739169,GSM2141426,AF125,Listeria,Illumina HiSeq 2500,SINGLE,cDNA,TRANSCRIPTOMIC,Homo sapiens,ILLUMINA,2016-09-07T00:00:00Z,2016-05-03T10:34:00Z,1,GSM2141426,Macrophages,SRP074274,2 hr
SRR3471812,RNA-Seq,101,4421138852,PRJNA320361,SAMN04933024,1541852423,macrophage,GEO,public,"fastq,run.zq,sra","gs,ncbi,s3","gs.us-east1,ncbi.public,s3.us-east-1",SRX1739170,GSM2141427,AF125,Non-infected,Illumina HiSeq 2500,SINGLE,cDNA,TRANSCRIPTOMIC,Homo sapiens,ILLUMINA,2016-09-07T00:00:00Z,2016-05-03T10:34:00Z,1,GSM2141427,Macrophages,SRP074274,2 hr
SRR3471813,RNA-Seq,101,4317667079,PRJNA320361,SAMN04933025,1515437077,macrophage,GEO,public,"fastq,run.zq,sra","gs,ncbi,s3","gs.us-east1,ncbi.public,s3.us-east-1",SRX1739171,GSM2141428,AF125,Salmonella,Illumina HiSeq 2500,SINGLE,cDNA,TRANSCRIPTOMIC,Homo sapiens,ILLUMINA,2016-09-07T00:00:00Z,2016-05-03T10:34:00Z,1,GSM2141428,Macrophages,SRP074274,2 hr
SRR3471814,RNA-Seq,101,3838516514,PRJNA320361,SAMN04933026,1345280324,macrophage,GEO,public,"fastq,run.zq,sra","gs,ncbi,s3","gs.us-east1,ncbi.public,s3.us-east-1",SRX1739172,GSM2141429,AF127,Listeria,Illumina HiSeq 2500,SINGLE,cDNA,TRANSCRIPTOMIC,Homo sapiens,ILLUMINA,2016-09-07T00:00:00Z,2016-05-03T10:33:00Z,1,GSM2141429,Macrophages,SRP074274,2 hr
SRR3471815,RNA-Seq,101,3994710590,PRJNA320361,SAMN04933027,1410453094,macrophage,GEO,public,"fastq,run.zq,sra","gs,ncbi,s3","gs.us-east1,ncbi.public,s3.us-east-1",SRX1739173,GSM2141430,AF127,Non-infected,Illumina HiSeq 2500,SINGLE,cDNA,TRANSCRIPTOMIC,Homo sapiens,ILLUMINA,2016-09-07T00:00:00Z,2016-05-03T10:33:00Z,1,GSM2141430,Macrophages,SRP074274,2 hr
SRR3471816,RNA-Seq,101,4023598509,PRJNA320361,SAMN04933028,1446677335,macrophage,GEO,public,"fastq,run.zq,sra","gs,ncbi,s3","gs.us-east1,ncbi.public,s3.us-east-1",SRX1739174,GSM2141431,AF127,Salmonella,Illumina HiSeq 2500,SINGLE,cDNA,TRANSCRIPTOMIC,Homo sapiens,ILLUMINA,2016-09-07T00:00:00Z,2016-05-03T10:40:00Z,1,GSM2141431,Macrophages,SRP074274,2 hr
SRR3471817,RNA-Seq,101,4031953835,PRJNA320361,SAMN04933029,1388432609,macrophage,GEO,public,"fastq,run.zq,sra","gs,ncbi,s3","gs.us-east1,ncbi.public,s3.us-east-1",SRX1739175,GSM2141432,AF129,Listeria,Illumina HiSeq 2500,SINGLE,cDNA,TRANSCRIPTOMIC,Homo sapiens,ILLUMINA,2016-09-07T00:00:00Z,2016-05-03T10:34:00Z,1,GSM2141432,Macrophages,SRP074274,2 hr
SRR3471818,RNA-Seq,101,3872231930,PRJNA320361,SAMN04933030,1339361742,macrophage,GEO,public,"fastq,run.zq,sra","gs,ncbi,s3","gs.us-east1,ncbi.public,s3.us-east-1",SRX1739176,GSM2141433,AF129,Non-infected,Illumina HiSeq 2500,SINGLE,cDNA,TRANSCRIPTOMIC,Homo sapiens,ILLUMINA,2016-09-07T00:00:00Z,2016-05-03T10:34:00Z,1,GSM2141433,Macrophages,SRP074274,2 hr
SRR3471819,RNA-Seq,101,3558368673,PRJNA320361,SAMN04933031,1271379994,macrophage,GEO,public,"fastq,run.zq,sra","gs,ncbi,s3","gs.us-east1,ncbi.public,s3.us-east-1",SRX1739177,GSM2141434,AF129,Salmonella,Illumina HiSeq 2500,SINGLE,cDNA,TRANSCRIPTOMIC,Homo sapiens,ILLUMINA,2016-09-07T00:00:00Z,2016-05-03T10:34:00Z,1,GSM2141434,Macrophages,SRP074274,2 hr
SRR3471820,RNA-Seq,101,3742401076,PRJNA320361,SAMN04933032,1301452572,macrophage,GEO,public,"fastq,run.zq,sra","gs,ncbi,s3","gs.us-east1,ncbi.public,s3.us-east-1",SRX1739178,GSM2141435,AF131,Listeria,Illumina HiSeq 2500,SINGLE,cDNA,TRANSCRIPTOMIC,Homo sapiens,ILLUMINA,2016-09-07T00:00:00Z,2016-05-03T10:33:00Z,1,GSM2141435,Macrophages,SRP074274,2 hr
SRR3471821,RNA-Seq,101,3572282736,PRJNA320361,SAMN04933033,1246793731,macrophage,GEO,public,"fastq,run.zq,sra","gs,ncbi,s3","gs.us-east1,ncbi.public,s3.us-east-1",SRX1739179,GSM2141436,AF131,Non-infected,Illumina HiSeq 2500,SINGLE,cDNA,TRANSCRIPTOMIC,Homo sapiens,ILLUMINA,2016-09-07T00:00:00Z,2016-05-03T10:34:00Z,1,GSM2141436,Macrophages,SRP074274,2 hr
SRR3471822,RNA-Seq,101,3817606989,PRJNA320361,SAMN04933034,1358241290,macrophage,GEO,public,"fastq,run.zq,sra","gs,ncbi,s3","gs.us-east1,ncbi.public,s3.us-east-1",SRX1739180,GSM2141437,AF131,Salmonella,Illumina HiSeq 2500,SINGLE,cDNA,TRANSCRIPTOMIC,Homo sapiens,ILLUMINA,2016-09-07T00:00:00Z,2016-05-03T10:34:00Z,1,GSM2141437,Macrophages,SRP074274,2 hr
SRR3471823,RNA-Seq,101,4255434616,PRJNA320361,SAMN04933035,1488049095,macrophage,GEO,public,"fastq,run.zq,sra","gs,ncbi,s3","gs.us-east1,ncbi.public,s3.us-east-1",SRX1739181,GSM2141438,AF133,Listeria,Illumina HiSeq 2500,SINGLE,cDNA,TRANSCRIPTOMIC,Homo sapiens,ILLUMINA,2016-09-07T00:00:00Z,2016-05-03T10:34:00Z,1,GSM2141438,Macrophages,SRP074274,2 hr
SRR3471824,RNA-Seq,101,3923248141,PRJNA320361,SAMN04933036,1374487683,macrophage,GEO,public,"fastq,run.zq,sra","gs,ncbi,s3","gs.us-east1,ncbi.public,s3.us-east-1",SRX1739182,GSM2141439,AF133,Non-infected,Illumina HiSeq 2500,SINGLE,cDNA,TRANSCRIPTOMIC,Homo sapiens,ILLUMINA,2016-09-07T00:00:00Z,2016-05-03T10:42:00Z,1,GSM2141439,Macrophages,SRP074274,2 hr
SRR3471825,RNA-Seq,101,3845791241,PRJNA320361,SAMN04933037,1343491711,macrophage,GEO,public,"fastq,run.zq,sra","gs,ncbi,s3","gs.us-east1,ncbi.public,s3.us-east-1",SRX1739183,GSM2141440,AF133,Salmonella,Illumina HiSeq 2500,SINGLE,cDNA,TRANSCRIPTOMIC,Homo sapiens,ILLUMINA,2016-09-07T00:00:00Z,2016-05-03T10:34:00Z,1,GSM2141440,Macrophages,SRP074274,2 hr
SRR3471826,RNA-Seq,101,4186042869,PRJNA320361,SAMN04933038,1441733609,macrophage,GEO,public,"fastq,run.zq,sra","gs,ncbi,s3","gs.us-east1,ncbi.public,s3.us-east-1",SRX1739184,GSM2141441,AF137,Listeria,Illumina HiSeq 2500,SINGLE,cDNA,TRANSCRIPTOMIC,Homo sapiens,ILLUMINA,2016-09-07T00:00:00Z,2016-05-03T10:34:00Z,1,GSM2141441,Macrophages,SRP074274,2 hr
SRR3471827,RNA-Seq,101,3671274553,PRJNA320361,SAMN04933039,1272881798,macrophage,GEO,public,"fastq,run.zq,sra","gs,ncbi,s3","gs.us-east1,ncbi.public,s3.us-east-1",SRX1739185,GSM2141442,AF137,Non-infected,Illumina HiSeq 2500,SINGLE,cDNA,TRANSCRIPTOMIC,Homo sapiens,ILLUMINA,2016-09-07T00:00:00Z,2016-05-03T10:33:00Z,1,GSM2141442,Macrophages,SRP074274,2 hr
SRR3471828,RNA-Seq,101,3637070499,PRJNA320361,SAMN04933040,1260889053,macrophage,GEO,public,"fastq,run.zq,sra","gs,ncbi,s3","gs.us-east1,ncbi.public,s3.us-east-1",SRX1739186,GSM2141443,AF137,Salmonella,Illumina HiSeq 2500,SINGLE,cDNA,TRANSCRIPTOMIC,Homo sapiens,ILLUMINA,2016-09-07T00:00:00Z,2016-05-03T10:34:00Z,1,GSM2141443,Macrophages,SRP074274,2 hr
SRR3471829,RNA-Seq,101,4964697117,PRJNA320361,SAMN04932751,1702040487,macrophage,GEO,public,"fastq,run.zq,sra","gs,ncbi,s3","gs.us-east1,ncbi.public,s3.us-east-1",SRX1739187,GSM2141444,AF139,Listeria,Illumina HiSeq 2500,SINGLE,cDNA,TRANSCRIPTOMIC,Homo sapiens,ILLUMINA,2016-09-07T00:00:00Z,2016-05-03T10:36:00Z,1,GSM2141444,Macrophages,SRP074274,2 hr
SRR3471830,RNA-Seq,101,4182200930,PRJNA320361,SAMN04932752,1458071349,macrophage,GEO,public,"fastq,run.zq,sra","gs,ncbi,s3","gs.us-east1,ncbi.public,s3.us-east-1",SRX1739188,GSM2141445,AF139,Non-infected,Illumina HiSeq 2500,SINGLE,cDNA,TRANSCRIPTOMIC,Homo sapiens,ILLUMINA,2016-09-07T00:00:00Z,2016-05-03T10:35:00Z,1,GSM2141445,Macrophages,SRP074274,2 hr
SRR3471831,RNA-Seq,101,3862440889,PRJNA320361,SAMN04932759,1340819132,macrophage,GEO,public,"fastq,run.zq,sra","gs,ncbi,s3","gs.us-east1,ncbi.public,s3.us-east-1",SRX1739189,GSM2141446,AF139,Salmonella,Illumina HiSeq 2500,SINGLE,cDNA,TRANSCRIPTOMIC,Homo sapiens,ILLUMINA,2016-09-07T00:00:00Z,2016-05-03T10:34:00Z,1,GSM2141446,Macrophages,SRP074274,2 hr
SRR3471832,RNA-Seq,101,4187107510,PRJNA320361,SAMN04932760,1458494303,macrophage,GEO,public,"fastq,run.zq,sra","gs,ncbi,s3","gs.us-east1,ncbi.public,s3.us-east-1",SRX1739190,GSM2141447,AF141,Listeria,Illumina HiSeq 2500,SINGLE,cDNA,TRANSCRIPTOMIC,Homo sapiens,ILLUMINA,2016-09-07T00:00:00Z,2016-05-03T10:35:00Z,1,GSM2141447,Macrophages,SRP074274,2 hr
SRR3471833,RNA-Seq,101,4738913334,PRJNA320361,SAMN04932753,1650289954,macrophage,GEO,public,"fastq,run.zq,sra","gs,ncbi,s3","gs.us-east1,ncbi.public,s3.us-east-1",SRX1739191,GSM2141448,AF141,Non-infected,Illumina HiSeq 2500,SINGLE,cDNA,TRANSCRIPTOMIC,Homo sapiens,ILLUMINA,2016-09-07T00:00:00Z,2016-05-03T10:36:00Z,1,GSM2141448,Macrophages,SRP074274,2 hr
SRR3471834,RNA-Seq,101,4242836179,PRJNA320361,SAMN04932754,1478626965,macrophage,GEO,public,"fastq,run.zq,sra","gs,ncbi,s3","gs.us-east1,ncbi.public,s3.us-east-1",SRX1739192,GSM2141449,AF141,Salmonella,Illumina HiSeq 2500,SINGLE,cDNA,TRANSCRIPTOMIC,Homo sapiens,ILLUMINA,2016-09-07T00:00:00Z,2016-05-03T10:35:00Z,1,GSM2141449,Macrophages,SRP074274,2 hr
SRR3471835,RNA-Seq,101,4013035222,PRJNA320361,SAMN04932755,1382505968,macrophage,GEO,public,"fastq,run.zq,sra","gs,ncbi,s3","gs.us-east1,ncbi.public,s3.us-east-1",SRX1739193,GSM2141450,AF143,Listeria,Illumina HiSeq 2500,SINGLE,cDNA,TRANSCRIPTOMIC,Homo sapiens,ILLUMINA,2016-09-07T00:00:00Z,2016-05-03T10:34:00Z,1,GSM2141450,Macrophages,SRP074274,2 hr
SRR3471836,RNA-Seq,101,4078732995,PRJNA320361,SAMN04932756,1405193603,macrophage,GEO,public,"fastq,run.zq,sra","gs,ncbi,s3","gs.us-east1,ncbi.public,s3.us-east-1",SRX1739194,GSM2141451,AF143,Non-infected,Illumina HiSeq 2500,SINGLE,cDNA,TRANSCRIPTOMIC,Homo sapiens,ILLUMINA,2016-09-07T00:00:00Z,2016-05-03T10:35:00Z,1,GSM2141451,Macrophages,SRP074274,2 hr
SRR3471837,RNA-Seq,101,4206091672,PRJNA320361,SAMN04932757,1443177852,macrophage,GEO,public,"fastq,run.zq,sra","gs,ncbi,s3","gs.us-east1,ncbi.public,s3.us-east-1",SRX1739195,GSM2141452,AF143,Salmonella,Illumina HiSeq 2500,SINGLE,cDNA,TRANSCRIPTOMIC,Homo sapiens,ILLUMINA,2016-09-07T00:00:00Z,2016-05-03T10:35:00Z,1,GSM2141452,Macrophages,SRP074274,2 hr
SRR3471838,RNA-Seq,101,3494406080,PRJNA320361,SAMN04932758,1188180401,macrophage,GEO,public,"fastq,run.zq,sra","gs,ncbi,s3","gs.us-east1,ncbi.public,s3.us-east-1",SRX1739196,GSM2141453,AF145,Listeria,Illumina HiSeq 2500,SINGLE,cDNA,TRANSCRIPTOMIC,Homo sapiens,ILLUMINA,2016-09-07T00:00:00Z,2016-05-03T10:33:00Z,1,GSM2141453,Macrophages,SRP074274,2 hr
SRR3471839,RNA-Seq,101,3399242264,PRJNA320361,SAMN04932761,1157318696,macrophage,GEO,public,"fastq,run.zq,sra","gs,ncbi,s3","gs.us-east1,ncbi.public,s3.us-east-1",SRX1739197,GSM2141454,AF145,Non-infected,Illumina HiSeq 2500,SINGLE,cDNA,TRANSCRIPTOMIC,Homo sapiens,ILLUMINA,2016-09-07T00:00:00Z,2016-05-03T10:34:00Z,1,GSM2141454,Macrophages,SRP074274,2 hr
SRR3471840,RNA-Seq,101,4104396994,PRJNA320361,SAMN04932762,1390485418,macrophage,GEO,public,"fastq,run.zq,sra","gs,ncbi,s3","gs.us-east1,ncbi.public,s3.us-east-1",SRX1739198,GSM2141455,AF145,Salmonella,Illumina HiSeq 2500,SINGLE,cDNA,TRANSCRIPTOMIC,Homo sapiens,ILLUMINA,2016-09-07T00:00:00Z,2016-05-03T10:35:00Z,1,GSM2141455,Macrophages,SRP074274,2 hr
SRR3471841,RNA-Seq,101,3548407952,PRJNA320361,SAMN04932763,1189577247,macrophage,GEO,public,"fastq,run.zq,sra","gs,ncbi,s3","gs.us-east1,ncbi.public,s3.us-east-1",SRX1739199,GSM2141456,AF147,Listeria,Illumina HiSeq 2500,SINGLE,cDNA,TRANSCRIPTOMIC,Homo sapiens,ILLUMINA,2016-09-07T00:00:00Z,2016-05-03T10:33:00Z,1,GSM2141456,Macrophages,SRP074274,2 hr
SRR3471842,RNA-Seq,101,3433220482,PRJNA320361,SAMN04932764,1156512283,macrophage,GEO,public,"fastq,run.zq,sra","gs,ncbi,s3","gs.us-east1,ncbi.public,s3.us-east-1",SRX1739200,GSM2141457,AF147,Non-infected,Illumina HiSeq 2500,SINGLE,cDNA,TRANSCRIPTOMIC,Homo sapiens,ILLUMINA,2016-09-07T00:00:00Z,2016-05-03T10:41:00Z,1,GSM2141457,Macrophages,SRP074274,2 hr
SRR3471843,RNA-Seq,101,3864446042,PRJNA320361,SAMN04932765,1306849863,macrophage,GEO,public,"fastq,run.zq,sra","gs,ncbi,s3","gs.us-east1,ncbi.public,s3.us-east-1",SRX1739201,GSM2141458,AF147,Salmonella,Illumina HiSeq 2500,SINGLE,cDNA,TRANSCRIPTOMIC,Homo sapiens,ILLUMINA,2016-09-07T00:00:00Z,2016-05-03T10:34:00Z,1,GSM2141458,Macrophages,SRP074274,2 hr
SRR3471844,RNA-Seq,101,3727860308,PRJNA320361,SAMN04932766,1250822800,macrophage,GEO,public,"fastq,run.zq,sra","gs,ncbi,s3","gs.us-east1,ncbi.public,s3.us-east-1",SRX1739202,GSM2141459,AF149,Listeria,Illumina HiSeq 2500,SINGLE,cDNA,TRANSCRIPTOMIC,Homo sapiens,ILLUMINA,2016-09-07T00:00:00Z,2016-05-03T10:34:00Z,1,GSM2141459,Macrophages,SRP074274,2 hr
SRR3471845,RNA-Seq,101,3566806920,PRJNA320361,SAMN04932767,1196407179,macrophage,GEO,public,"fastq,run.zq,sra","gs,ncbi,s3","gs.us-east1,ncbi.public,s3.us-east-1",SRX1739203,GSM2141460,AF149,Non-infected,Illumina HiSeq 2500,SINGLE,cDNA,TRANSCRIPTOMIC,Homo sapiens,ILLUMINA,2016-09-07T00:00:00Z,2016-05-03T10:34:00Z,1,GSM2141460,Macrophages,SRP074274,2 hr
SRR3471846,RNA-Seq,101,3788873701,PRJNA320361,SAMN04932768,1264866680,macrophage,GEO,public,"fastq,run.zq,sra","gs,ncbi,s3","gs.us-east1,ncbi.public,s3.us-east-1",SRX1739204,GSM2141461,AF149,Salmonella,Illumina HiSeq 2500,SINGLE,cDNA,TRANSCRIPTOMIC,Homo sapiens,ILLUMINA,2016-09-07T00:00:00Z,2016-05-03T10:34:00Z,1,GSM2141461,Macrophages,SRP074274,2 hr
SRR3471847,RNA-Seq,101,3542668122,PRJNA320361,SAMN04932769,1188940062,macrophage,GEO,public,"fastq,run.zq,sra","gs,ncbi,s3","gs.us-east1,ncbi.public,s3.us-east-1",SRX1739205,GSM2141462,AF151,Listeria,Illumina HiSeq 2500,SINGLE,cDNA,TRANSCRIPTOMIC,Homo sapiens,ILLUMINA,2016-09-07T00:00:00Z,2016-05-03T10:34:00Z,1,GSM2141462,Macrophages,SRP074274,2 hr
SRR3471848,RNA-Seq,101,3595945521,PRJNA320361,SAMN04932770,1207268370,macrophage,GEO,public,"fastq,run.zq,sra","gs,ncbi,s3","gs.us-east1,ncbi.public,s3.us-east-1",SRX1739206,GSM2141463,AF151,Non-infected,Illumina HiSeq 2500,SINGLE,cDNA,TRANSCRIPTOMIC,Homo sapiens,ILLUMINA,2016-09-07T00:00:00Z,2016-05-03T10:34:00Z,1,GSM2141463,Macrophages,SRP074274,2 hr
SRR3471849,RNA-Seq,101,3303756258,PRJNA320361,SAMN04932771,1104283878,macrophage,GEO,public,"fastq,run.zq,sra","gs,ncbi,s3","gs.us-east1,ncbi.public,s3.us-east-1",SRX1739207,GSM2141464,AF151,Salmonella,Illumina HiSeq 2500,SINGLE,cDNA,TRANSCRIPTOMIC,Homo sapiens,ILLUMINA,2016-09-07T00:00:00Z,2016-05-03T10:34:00Z,1,GSM2141464,Macrophages,SRP074274,2 hr
SRR3471850,RNA-Seq,101,3869070832,PRJNA320361,SAMN04932772,1313309360,macrophage,GEO,public,"fastq,run.zq,sra","gs,ncbi,s3","gs.us-east1,ncbi.public,s3.us-east-1",SRX1739208,GSM2141465,AF153,Listeria,Illumina HiSeq 2500,SINGLE,cDNA,TRANSCRIPTOMIC,Homo sapiens,ILLUMINA,2016-09-07T00:00:00Z,2016-05-03T10:35:00Z,1,GSM2141465,Macrophages,SRP074274,2 hr
SRR3471851,RNA-Seq,101,3959955076,PRJNA320361,SAMN04932773,1371341507,macrophage,GEO,public,"fastq,run.zq,sra","gs,ncbi,s3","gs.us-east1,ncbi.public,s3.us-east-1",SRX1739209,GSM2141466,AF153,Non-infected,Illumina HiSeq 2500,SINGLE,cDNA,TRANSCRIPTOMIC,Homo sapiens,ILLUMINA,2016-09-07T00:00:00Z,2016-05-03T10:35:00Z,1,GSM2141466,Macrophages,SRP074274,2 hr
SRR3471852,RNA-Seq,101,3035033335,PRJNA320361,SAMN04932774,1083127529,macrophage,GEO,public,"fastq,run.zq,sra","gs,ncbi,s3","gs.us-east1,ncbi.public,s3.us-east-1",SRX1739210,GSM2141467,AF153,Salmonella,Illumina HiSeq 2500,SINGLE,cDNA,TRANSCRIPTOMIC,Homo sapiens,ILLUMINA,2016-09-07T00:00:00Z,2016-05-03T10:34:00Z,1,GSM2141467,Macrophages,SRP074274,2 hr
SRR3471853,RNA-Seq,101,3876275566,PRJNA320361,SAMN04932775,1333981199,macrophage,GEO,public,"fastq,run.zq,sra","gs,ncbi,s3","gs.us-east1,ncbi.public,s3.us-east-1",SRX1739211,GSM2141468,AF155,Listeria,Illumina HiSeq 2500,SINGLE,cDNA,TRANSCRIPTOMIC,Homo sapiens,ILLUMINA,2016-09-07T00:00:00Z,2016-05-03T10:35:00Z,1,GSM2141468,Macrophages,SRP074274,2 hr
SRR3471854,RNA-Seq,101,3598154997,PRJNA320361,SAMN04932776,1232254676,macrophage,GEO,public,"fastq,run.zq,sra","gs,ncbi,s3","gs.us-east1,ncbi.public,s3.us-east-1",SRX1739212,GSM2141469,AF155,Non-infected,Illumina HiSeq 2500,SINGLE,cDNA,TRANSCRIPTOMIC,Homo sapiens,ILLUMINA,2016-09-07T00:00:00Z,2016-05-03T10:34:00Z,1,GSM2141469,Macrophages,SRP074274,2 hr
SRR3471855,RNA-Seq,101,3901472036,PRJNA320361,SAMN04932777,1335591597,macrophage,GEO,public,"fastq,run.zq,sra","gs,ncbi,s3","gs.us-east1,ncbi.public,s3.us-east-1",SRX1739213,GSM2141470,AF155,Salmonella,Illumina HiSeq 2500,SINGLE,cDNA,TRANSCRIPTOMIC,Homo sapiens,ILLUMINA,2016-09-07T00:00:00Z,2016-05-03T10:36:00Z,1,GSM2141470,Macrophages,SRP074274,2 hr
SRR3471856,RNA-Seq,101,4125159766,PRJNA320361,SAMN04932778,1439554301,macrophage,GEO,public,"fastq,run.zq,sra","gs,ncbi,s3","gs.us-east1,ncbi.public,s3.us-east-1",SRX1739214,GSM2141471,AF157,Listeria,Illumina HiSeq 2500,SINGLE,cDNA,TRANSCRIPTOMIC,Homo sapiens,ILLUMINA,2016-09-07T00:00:00Z,2016-05-03T10:36:00Z,1,GSM2141471,Macrophages,SRP074274,2 hr
SRR3471857,RNA-Seq,101,4331386616,PRJNA320361,SAMN04932779,1513964150,macrophage,GEO,public,"fastq,run.zq,sra","gs,ncbi,s3","gs.us-east1,ncbi.public,s3.us-east-1",SRX1739215,GSM2141472,AF157,Non-infected,Illumina HiSeq 2500,SINGLE,cDNA,TRANSCRIPTOMIC,Homo sapiens,ILLUMINA,2016-09-07T00:00:00Z,2016-05-03T10:36:00Z,1,GSM2141472,Macrophages,SRP074274,2 hr
SRR3471858,RNA-Seq,101,3784769364,PRJNA320361,SAMN04932780,1326516998,macrophage,GEO,public,"fastq,run.zq,sra","gs,ncbi,s3","gs.us-east1,ncbi.public,s3.us-east-1",SRX1739216,GSM2141473,AF157,Salmonella,Illumina HiSeq 2500,SINGLE,cDNA,TRANSCRIPTOMIC,Homo sapiens,ILLUMINA,2016-09-07T00:00:00Z,2016-05-03T10:35:00Z,1,GSM2141473,Macrophages,SRP074274,2 hr
SRR3471859,RNA-Seq,101,3247723781,PRJNA320361,SAMN04932871,1093803293,macrophage,GEO,public,"fastq,run.zq,sra","gs,ncbi,s3","gs.us-east1,ncbi.public,s3.us-east-1",SRX1739217,GSM2141474,AF159,Listeria,Illumina HiSeq 2500,SINGLE,cDNA,TRANSCRIPTOMIC,Homo sapiens,ILLUMINA,2016-09-07T00:00:00Z,2016-05-03T10:35:00Z,1,GSM2141474,Macrophages,SRP074274,2 hr
SRR3471860,RNA-Seq,101,3150213028,PRJNA320361,SAMN04932872,1058544453,macrophage,GEO,public,"fastq,run.zq,sra","gs,ncbi,s3","gs.us-east1,ncbi.public,s3.us-east-1",SRX1739218,GSM2141475,AF159,Non-infected,Illumina HiSeq 2500,SINGLE,cDNA,TRANSCRIPTOMIC,Homo sapiens,ILLUMINA,2016-09-07T00:00:00Z,2016-05-03T10:34:00Z,1,GSM2141475,Macrophages,SRP074274,2 hr
SRR3471861,RNA-Seq,101,4164555826,PRJNA320361,SAMN04932873,1402246892,macrophage,GEO,public,"fastq,run.zq,sra","gs,ncbi,s3","gs.us-east1,ncbi.public,s3.us-east-1",SRX1739219,GSM2141476,AF159,Salmonella,Illumina HiSeq 2500,SINGLE,cDNA,TRANSCRIPTOMIC,Homo sapiens,ILLUMINA,2016-09-07T00:00:00Z,2016-05-03T10:35:00Z,1,GSM2141476,Macrophages,SRP074274,2 hr
SRR3471862,RNA-Seq,101,4017165819,PRJNA320361,SAMN04932874,1420206765,macrophage,GEO,public,"fastq,run.zq,sra","gs,ncbi,s3","gs.us-east1,ncbi.public,s3.us-east-1",SRX1739220,GSM2141477,AF161,Listeria,Illumina HiSeq 2500,SINGLE,cDNA,TRANSCRIPTOMIC,Homo sapiens,ILLUMINA,2016-09-07T00:00:00Z,2016-05-03T10:41:00Z,1,GSM2141477,Macrophages,SRP074274,2 hr
SRR3471863,RNA-Seq,101,3163838534,PRJNA320361,SAMN04932875,1055266823,macrophage,GEO,public,"fastq,run.zq,sra","gs,ncbi,s3","gs.us-east1,ncbi.public,s3.us-east-1",SRX1739221,GSM2141478,AF161,Non-infected,Illumina HiSeq 2500,SINGLE,cDNA,TRANSCRIPTOMIC,Homo sapiens,ILLUMINA,2016-09-07T00:00:00Z,2016-05-03T10:34:00Z,1,GSM2141478,Macrophages,SRP074274,2 hr
SRR3471864,RNA-Seq,101,3843527730,PRJNA320361,SAMN04932876,1386557689,macrophage,GEO,public,"fastq,run.zq,sra","gs,ncbi,s3","gs.us-east1,ncbi.public,s3.us-east-1",SRX1739222,GSM2141479,AF161,Salmonella,Illumina HiSeq 2500,SINGLE,cDNA,TRANSCRIPTOMIC,Homo sapiens,ILLUMINA,2016-09-07T00:00:00Z,2016-05-03T10:35:00Z,1,GSM2141479,Macrophages,SRP074274,2 hr
SRR3471865,RNA-Seq,101,3058075071,PRJNA320361,SAMN04932877,1075863687,macrophage,GEO,public,"fastq,run.zq,sra","gs,ncbi,s3","gs.us-east1,ncbi.public,s3.us-east-1",SRX1739223,GSM2141480,AF163,Listeria,Illumina HiSeq 2500,SINGLE,cDNA,TRANSCRIPTOMIC,Homo sapiens,ILLUMINA,2016-09-07T00:00:00Z,2016-05-03T10:35:00Z,1,GSM2141480,Macrophages,SRP074274,2 hr
SRR3471866,RNA-Seq,101,4024384491,PRJNA320361,SAMN04932878,1392822707,macrophage,GEO,public,"fastq,run.zq,sra","gs,ncbi,s3","gs.us-east1,ncbi.public,s3.us-east-1",SRX1739224,GSM2141481,AF163,Non-infected,Illumina HiSeq 2500,SINGLE,cDNA,TRANSCRIPTOMIC,Homo sapiens,ILLUMINA,2016-09-07T00:00:00Z,2016-05-03T10:36:00Z,1,GSM2141481,Macrophages,SRP074274,2 hr
SRR3471867,RNA-Seq,101,4369380695,PRJNA320361,SAMN04932879,1504250743,macrophage,GEO,public,"fastq,run.zq,sra","gs,ncbi,s3","gs.us-east1,ncbi.public,s3.us-east-1",SRX1739225,GSM2141482,AF163,Salmonella,Illumina HiSeq 2500,SINGLE,cDNA,TRANSCRIPTOMIC,Homo sapiens,ILLUMINA,2016-09-07T00:00:00Z,2016-05-03T10:36:00Z,1,GSM2141482,Macrophages,SRP074274,2 hr
SRR3471868,RNA-Seq,101,3110710110,PRJNA320361,SAMN04932880,1039902415,macrophage,GEO,public,"fastq,run.zq,sra","gs,ncbi,s3","gs.us-east1,ncbi.public,s3.us-east-1",SRX1739226,GSM2141483,AF165,Listeria,Illumina HiSeq 2500,SINGLE,cDNA,TRANSCRIPTOMIC,Homo sapiens,ILLUMINA,2016-09-07T00:00:00Z,2016-05-03T10:34:00Z,1,GSM2141483,Macrophages,SRP074274,2 hr
SRR3471869,RNA-Seq,101,3360656325,PRJNA320361,SAMN04932881,1120698232,macrophage,GEO,public,"fastq,run.zq,sra","gs,ncbi,s3","gs.us-east1,ncbi.public,s3.us-east-1",SRX1739227,GSM2141484,AF165,Non-infected,Illumina HiSeq 2500,SINGLE,cDNA,TRANSCRIPTOMIC,Homo sapiens,ILLUMINA,2016-09-07T00:00:00Z,2016-05-03T10:35:00Z,1,GSM2141484,Macrophages,SRP074274,2 hr
SRR3471870,RNA-Seq,101,3043440474,PRJNA320361,SAMN04932882,1017270936,macrophage,GEO,public,"fastq,run.zq,sra","gs,ncbi,s3","gs.us-east1,ncbi.public,s3.us-east-1",SRX1739228,GSM2141485,AF165,Salmonella,Illumina HiSeq 2500,SINGLE,cDNA,TRANSCRIPTOMIC,Homo sapiens,ILLUMINA,2016-09-07T00:00:00Z,2016-05-03T10:35:00Z,1,GSM2141485,Macrophages,SRP074274,2 hr
SRR3471871,RNA-Seq,101,4285590388,PRJNA320361,SAMN04932883,1499259505,macrophage,GEO,public,"fastq,run.zq,sra","gs,ncbi,s3","gs.us-east1,ncbi.public,s3.us-east-1",SRX1739229,GSM2141486,AF167,Listeria,Illumina HiSeq 2500,SINGLE,cDNA,TRANSCRIPTOMIC,Homo sapiens,ILLUMINA,2016-09-07T00:00:00Z,2016-05-03T10:36:00Z,1,GSM2141486,Macrophages,SRP074274,2 hr
SRR3471872,RNA-Seq,101,4353198172,PRJNA320361,SAMN04932884,1535153810,macrophage,GEO,public,"fastq,run.zq,sra","gs,ncbi,s3","gs.us-east1,ncbi.public,s3.us-east-1",SRX1739230,GSM2141487,AF167,Non-infected,Illumina HiSeq 2500,SINGLE,cDNA,TRANSCRIPTOMIC,Homo sapiens,ILLUMINA,2016-09-07T00:00:00Z,2016-05-03T10:36:00Z,1,GSM2141487,Macrophages,SRP074274,2 hr
SRR3471873,RNA-Seq,101,4057212319,PRJNA320361,SAMN04932885,1430683149,macrophage,GEO,public,"fastq,run.zq,sra","gs,ncbi,s3","gs.us-east1,ncbi.public,s3.us-east-1",SRX1739231,GSM2141488,AF167,Salmonella,Illumina HiSeq 2500,SINGLE,cDNA,TRANSCRIPTOMIC,Homo sapiens,ILLUMINA,2016-09-07T00:00:00Z,2016-05-03T10:41:00Z,1,GSM2141488,Macrophages,SRP074274,2 hr
SRR3471874,RNA-Seq,101,4373385951,PRJNA320361,SAMN04932886,1541126241,macrophage,GEO,public,"fastq,run.zq,sra","gs,ncbi,s3","gs.us-east1,ncbi.public,s3.us-east-1",SRX1739232,GSM2141489,AF169,Listeria,Illumina HiSeq 2500,SINGLE,cDNA,TRANSCRIPTOMIC,Homo sapiens,ILLUMINA,2016-09-07T00:00:00Z,2016-05-03T10:37:00Z,1,GSM2141489,Macrophages,SRP074274,2 hr
SRR3471875,RNA-Seq,101,4195793409,PRJNA320361,SAMN04932887,1471549472,macrophage,GEO,public,"fastq,run.zq,sra","gs,ncbi,s3","gs.us-east1,ncbi.public,s3.us-east-1",SRX1739233,GSM2141490,AF169,Non-infected,Illumina HiSeq 2500,SINGLE,cDNA,TRANSCRIPTOMIC,Homo sapiens,ILLUMINA,2016-09-07T00:00:00Z,2016-05-03T10:37:00Z,1,GSM2141490,Macrophages,SRP074274,2 hr
SRR3471876,RNA-Seq,101,4382883284,PRJNA320361,SAMN04932888,1528213473,macrophage,GEO,public,"fastq,run.zq,sra","gs,ncbi,s3","gs.us-east1,ncbi.public,s3.us-east-1",SRX1739234,GSM2141491,AF169,Salmonella,Illumina HiSeq 2500,SINGLE,cDNA,TRANSCRIPTOMIC,Homo sapiens,ILLUMINA,2016-09-07T00:00:00Z,2016-05-03T10:38:00Z,1,GSM2141491,Macrophages,SRP074274,2 hr
SRR3471877,RNA-Seq,101,4315479015,PRJNA320361,SAMN04932889,1485670474,macrophage,GEO,public,"fastq,run.zq,sra","gs,ncbi,s3","gs.us-east1,ncbi.public,s3.us-east-1",SRX1739235,GSM2141492,AF171,Listeria,Illumina HiSeq 2500,SINGLE,cDNA,TRANSCRIPTOMIC,Homo sapiens,ILLUMINA,2016-09-07T00:00:00Z,2016-05-03T10:37:00Z,1,GSM2141492,Macrophages,SRP074274,2 hr
SRR3471878,RNA-Seq,101,3974218195,PRJNA320361,SAMN04932890,1378012608,macrophage,GEO,public,"fastq,run.zq,sra","gs,ncbi,s3","gs.us-east1,ncbi.public,s3.us-east-1",SRX1739236,GSM2141493,AF171,Non-infected,Illumina HiSeq 2500,SINGLE,cDNA,TRANSCRIPTOMIC,Homo sapiens,ILLUMINA,2016-09-07T00:00:00Z,2016-05-03T10:37:00Z,1,GSM2141493,Macrophages,SRP074274,2 hr
SRR3471879,RNA-Seq,101,3872508064,PRJNA320361,SAMN04932891,1347047332,macrophage,GEO,public,"fastq,run.zq,sra","gs,ncbi,s3","gs.us-east1,ncbi.public,s3.us-east-1",SRX1739237,GSM2141494,AF171,Salmonella,Illumina HiSeq 2500,SINGLE,cDNA,TRANSCRIPTOMIC,Homo sapiens,ILLUMINA,2016-09-07T00:00:00Z,2016-05-03T10:36:00Z,1,GSM2141494,Macrophages,SRP074274,2 hr
SRR3471880,RNA-Seq,101,4721452656,PRJNA320361,SAMN04932892,1611893951,macrophage,GEO,public,"fastq,run.zq,sra","gs,ncbi,s3","gs.us-east1,ncbi.public,s3.us-east-1",SRX1739238,GSM2141495,AF173,Listeria,Illumina HiSeq 2500,SINGLE,cDNA,TRANSCRIPTOMIC,Homo sapiens,ILLUMINA,2016-09-07T00:00:00Z,2016-05-03T10:37:00Z,1,GSM2141495,Macrophages,SRP074274,2 hr
SRR3471881,RNA-Seq,101,4821350544,PRJNA320361,SAMN04932893,1686131839,macrophage,GEO,public,"fastq,run.zq,sra","gs,ncbi,s3","gs.us-east1,ncbi.public,s3.us-east-1",SRX1739239,GSM2141496,AF173,Non-infected,Illumina HiSeq 2500,SINGLE,cDNA,TRANSCRIPTOMIC,Homo sapiens,ILLUMINA,2016-09-07T00:00:00Z,2016-05-03T10:38:00Z,1,GSM2141496,Macrophages,SRP074274,2 hr
SRR3471882,RNA-Seq,101,4335401366,PRJNA320361,SAMN04932894,1481054599,macrophage,GEO,public,"fastq,run.zq,sra","gs,ncbi,s3","gs.us-east1,ncbi.public,s3.us-east-1",SRX1739240,GSM2141497,AF173,Salmonella,Illumina HiSeq 2500,SINGLE,cDNA,TRANSCRIPTOMIC,Homo sapiens,ILLUMINA,2016-09-07T00:00:00Z,2016-05-03T10:36:00Z,1,GSM2141497,Macrophages,SRP074274,2 hr
SRR3471883,RNA-Seq,101,3588789267,PRJNA320361,SAMN04932895,1232136147,macrophage,GEO,public,"fastq,run.zq,sra","gs,ncbi,s3","gs.us-east1,ncbi.public,s3.us-east-1",SRX1739241,GSM2141498,AF175,Listeria,Illumina HiSeq 2500,SINGLE,cDNA,TRANSCRIPTOMIC,Homo sapiens,ILLUMINA,2016-09-07T00:00:00Z,2016-05-03T10:44:00Z,1,GSM2141498,Macrophages,SRP074274,2 hr
SRR3471884,RNA-Seq,101,3462930339,PRJNA320361,SAMN04932896,1188292591,macrophage,GEO,public,"fastq,run.zq,sra","gs,ncbi,s3","gs.us-east1,ncbi.public,s3.us-east-1",SRX1739242,GSM2141499,AF175,Non-infected,Illumina HiSeq 2500,SINGLE,cDNA,TRANSCRIPTOMIC,Homo sapiens,ILLUMINA,2016-09-07T00:00:00Z,2016-05-03T10:43:00Z,1,GSM2141499,Macrophages,SRP074274,2 hr
SRR3471885,RNA-Seq,101,3820968875,PRJNA320361,SAMN04932897,1306934175,macrophage,GEO,public,"fastq,run.zq,sra","gs,ncbi,s3","gs.us-east1,ncbi.public,s3.us-east-1",SRX1739243,GSM2141500,AF175,Salmonella,Illumina HiSeq 2500,SINGLE,cDNA,TRANSCRIPTOMIC,Homo sapiens,ILLUMINA,2016-09-07T00:00:00Z,2016-05-03T10:37:00Z,1,GSM2141500,Macrophages,SRP074274,2 hr
SRR3471886,RNA-Seq,101,3633080999,PRJNA320361,SAMN04932898,1259159512,macrophage,GEO,public,"fastq,run.zq,sra","gs,ncbi,s3","gs.us-east1,ncbi.public,s3.us-east-1",SRX1739244,GSM2141501,AF177,Listeria,Illumina HiSeq 2500,SINGLE,cDNA,TRANSCRIPTOMIC,Homo sapiens,ILLUMINA,2016-09-07T00:00:00Z,2016-05-03T10:37:00Z,1,GSM2141501,Macrophages,SRP074274,2 hr
SRR3471887,RNA-Seq,101,4042625394,PRJNA320361,SAMN04932899,1412856053,macrophage,GEO,public,"fastq,run.zq,sra","gs,ncbi,s3","gs.us-east1,ncbi.public,s3.us-east-1",SRX1739245,GSM2141502,AF177,Non-infected,Illumina HiSeq 2500,SINGLE,cDNA,TRANSCRIPTOMIC,Homo sapiens,ILLUMINA,2016-09-07T00:00:00Z,2016-05-03T10:38:00Z,1,GSM2141502,Macrophages,SRP074274,2 hr
SRR3471888,RNA-Seq,101,3981318798,PRJNA320361,SAMN04932900,1387020381,macrophage,GEO,public,"fastq,run.zq,sra","gs,ncbi,s3","gs.us-east1,ncbi.public,s3.us-east-1",SRX1739246,GSM2141503,AF177,Salmonella,Illumina HiSeq 2500,SINGLE,cDNA,TRANSCRIPTOMIC,Homo sapiens,ILLUMINA,2016-09-07T00:00:00Z,2016-05-03T10:38:00Z,1,GSM2141503,Macrophages,SRP074274,2 hr
SRR3471889,RNA-Seq,101,3917308634,PRJNA320361,SAMN04932781,1354708191,macrophage,GEO,public,"fastq,run.zq,sra","gs,ncbi,s3","gs.us-east1,ncbi.public,s3.us-east-1",SRX1739247,GSM2141504,AF179,Listeria,Illumina HiSeq 2500,SINGLE,cDNA,TRANSCRIPTOMIC,Homo sapiens,ILLUMINA,2016-09-07T00:00:00Z,2016-05-03T10:39:00Z,1,GSM2141504,Macrophages,SRP074274,2 hr
SRR3471890,RNA-Seq,101,4182558369,PRJNA320361,SAMN04932782,1441603907,macrophage,GEO,public,"fastq,run.zq,sra","gs,ncbi,s3","gs.us-east1,ncbi.public,s3.us-east-1",SRX1739248,GSM2141505,AF179,Non-infected,Illumina HiSeq 2500,SINGLE,cDNA,TRANSCRIPTOMIC,Homo sapiens,ILLUMINA,2016-09-07T00:00:00Z,2016-05-03T10:38:00Z,1,GSM2141505,Macrophages,SRP074274,2 hr
SRR3471891,RNA-Seq,101,3924283088,PRJNA320361,SAMN04932783,1355008811,macrophage,GEO,public,"fastq,run.zq,sra","gs,ncbi,s3","gs.us-east1,ncbi.public,s3.us-east-1",SRX1739249,GSM2141506,AF179,Salmonella,Illumina HiSeq 2500,SINGLE,cDNA,TRANSCRIPTOMIC,Homo sapiens,ILLUMINA,2016-09-07T00:00:00Z,2016-05-03T10:38:00Z,1,GSM2141506,Macrophages,SRP074274,2 hr
SRR3471892,RNA-Seq,101,3709051280,PRJNA320361,SAMN04932784,1258931738,macrophage,GEO,public,"fastq,run.zq,sra","gs,ncbi,s3","gs.us-east1,ncbi.public,s3.us-east-1",SRX1739250,GSM2141507,AF181,Listeria,Illumina HiSeq 2500,SINGLE,cDNA,TRANSCRIPTOMIC,Homo sapiens,ILLUMINA,2016-09-07T00:00:00Z,2016-05-03T10:42:00Z,1,GSM2141507,Macrophages,SRP074274,2 hr
SRR3471893,RNA-Seq,101,3747560560,PRJNA320361,SAMN04932785,1277783707,macrophage,GEO,public,"fastq,run.zq,sra","gs,ncbi,s3","gs.us-east1,ncbi.public,s3.us-east-1",SRX1739251,GSM2141508,AF181,Non-infected,Illumina HiSeq 2500,SINGLE,cDNA,TRANSCRIPTOMIC,Homo sapiens,ILLUMINA,2016-09-07T00:00:00Z,2016-05-03T10:39:00Z,1,GSM2141508,Macrophages,SRP074274,2 hr
SRR3471894,RNA-Seq,101,3742006570,PRJNA320361,SAMN04932786,1272873210,macrophage,GEO,public,"fastq,run.zq,sra","gs,ncbi,s3","gs.us-east1,ncbi.public,s3.us-east-1",SRX1739252,GSM2141509,AF181,Salmonella,Illumina HiSeq 2500,SINGLE,cDNA,TRANSCRIPTOMIC,Homo sapiens,ILLUMINA,2016-09-07T00:00:00Z,2016-05-03T10:38:00Z,1,GSM2141509,Macrophages,SRP074274,2 hr
SRR3471895,RNA-Seq,101,3165016093,PRJNA320361,SAMN04932787,1070505792,macrophage,GEO,public,"fastq,run.zq,sra","gs,ncbi,s3","gs.us-east1,ncbi.public,s3.us-east-1",SRX1739253,GSM2141510,AF183,Listeria,Illumina HiSeq 2500,SINGLE,cDNA,TRANSCRIPTOMIC,Homo sapiens,ILLUMINA,2016-09-07T00:00:00Z,2016-05-03T10:41:00Z,1,GSM2141510,Macrophages,SRP074274,2 hr
SRR3471896,RNA-Seq,101,3329296734,PRJNA320361,SAMN04932788,1114045653,macrophage,GEO,public,"fastq,run.zq,sra","gs,ncbi,s3","gs.us-east1,ncbi.public,s3.us-east-1",SRX1739254,GSM2141511,AF183,Non-infected,Illumina HiSeq 2500,SINGLE,cDNA,TRANSCRIPTOMIC,Homo sapiens,ILLUMINA,2016-09-07T00:00:00Z,2016-05-03T10:37:00Z,1,GSM2141511,Macrophages,SRP074274,2 hr
SRR3471897,RNA-Seq,101,3289258819,PRJNA320361,SAMN04932789,1101770064,macrophage,GEO,public,"fastq,run.zq,sra","gs,ncbi,s3","gs.us-east1,ncbi.public,s3.us-east-1",SRX1739255,GSM2141512,AF183,Salmonella,Illumina HiSeq 2500,SINGLE,cDNA,TRANSCRIPTOMIC,Homo sapiens,ILLUMINA,2016-09-07T00:00:00Z,2016-05-03T10:37:00Z,1,GSM2141512,Macrophages,SRP074274,2 hr
SRR3471898,RNA-Seq,101,3437851231,PRJNA320361,SAMN04932790,1146574121,macrophage,GEO,public,"fastq,run.zq,sra","gs,ncbi,s3","gs.us-east1,ncbi.public,s3.us-east-1",SRX1739256,GSM2141513,AF185,Listeria,Illumina HiSeq 2500,SINGLE,cDNA,TRANSCRIPTOMIC,Homo sapiens,ILLUMINA,2016-09-07T00:00:00Z,2016-05-03T10:37:00Z,1,GSM2141513,Macrophages,SRP074274,2 hr
SRR3471899,RNA-Seq,101,3313251672,PRJNA320361,SAMN04932791,1107508137,macrophage,GEO,public,"fastq,run.zq,sra","gs,ncbi,s3","gs.us-east1,ncbi.public,s3.us-east-1",SRX1739257,GSM2141514,AF185,Non-infected,Illumina HiSeq 2500,SINGLE,cDNA,TRANSCRIPTOMIC,Homo sapiens,ILLUMINA,2016-09-07T00:00:00Z,2016-05-03T10:37:00Z,1,GSM2141514,Macrophages,SRP074274,2 hr
SRR3471900,RNA-Seq,101,2877575648,PRJNA320361,SAMN04932792,965476356,macrophage,GEO,public,"fastq,run.zq,sra","gs,ncbi,s3","gs.us-east1,ncbi.public,s3.us-east-1",SRX1739258,GSM2141515,AF185,Salmonella,Illumina HiSeq 2500,SINGLE,cDNA,TRANSCRIPTOMIC,Homo sapiens,ILLUMINA,2016-09-07T00:00:00Z,2016-05-03T10:37:00Z,1,GSM2141515,Macrophages,SRP074274,2 hr
SRR3471901,RNA-Seq,101,3552000522,PRJNA320361,SAMN04932793,1198864441,macrophage,GEO,public,"fastq,run.zq,sra","gs,ncbi,s3","gs.us-east1,ncbi.public,s3.us-east-1",SRX1739259,GSM2141516,AF187,Listeria,Illumina HiSeq 2500,SINGLE,cDNA,TRANSCRIPTOMIC,Homo sapiens,ILLUMINA,2016-09-07T00:00:00Z,2016-05-03T10:38:00Z,1,GSM2141516,Macrophages,SRP074274,2 hr
SRR3471902,RNA-Seq,101,3089838763,PRJNA320361,SAMN04932794,1046406317,macrophage,GEO,public,"fastq,run.zq,sra","gs,ncbi,s3","gs.us-east1,ncbi.public,s3.us-east-1",SRX1739260,GSM2141517,AF187,Non-infected,Illumina HiSeq 2500,SINGLE,cDNA,TRANSCRIPTOMIC,Homo sapiens,ILLUMINA,2016-09-07T00:00:00Z,2016-05-03T10:37:00Z,1,GSM2141517,Macrophages,SRP074274,2 hr
SRR3471903,RNA-Seq,101,3205777572,PRJNA320361,SAMN04932795,1108572883,macrophage,GEO,public,"fastq,run.zq,sra","gs,ncbi,s3","gs.us-east1,ncbi.public,s3.us-east-1",SRX1739261,GSM2141518,AF187,Salmonella,Illumina HiSeq 2500,SINGLE,cDNA,TRANSCRIPTOMIC,Homo sapiens,ILLUMINA,2016-09-07T00:00:00Z,2016-05-03T10:41:00Z,1,GSM2141518,Macrophages,SRP074274,2 hr
SRR3471904,RNA-Seq,101,3738890417,PRJNA320361,SAMN04932796,1274013966,macrophage,GEO,public,"fastq,run.zq,sra","gs,ncbi,s3","gs.us-east1,ncbi.public,s3.us-east-1",SRX1739262,GSM2141519,AF189,Listeria,Illumina HiSeq 2500,SINGLE,cDNA,TRANSCRIPTOMIC,Homo sapiens,ILLUMINA,2016-09-07T00:00:00Z,2016-05-03T10:37:00Z,1,GSM2141519,Macrophages,SRP074274,2 hr
SRR3471905,RNA-Seq,101,3840477530,PRJNA320361,SAMN04932797,1311948664,macrophage,GEO,public,"fastq,run.zq,sra","gs,ncbi,s3","gs.us-east1,ncbi.public,s3.us-east-1",SRX1739263,GSM2141520,AF189,Non-infected,Illumina HiSeq 2500,SINGLE,cDNA,TRANSCRIPTOMIC,Homo sapiens,ILLUMINA,2016-09-07T00:00:00Z,2016-05-03T10:38:00Z,1,GSM2141520,Macrophages,SRP074274,2 hr
SRR3471906,RNA-Seq,101,3829223100,PRJNA320361,SAMN04932798,1310031791,macrophage,GEO,public,"fastq,run.zq,sra","gs,ncbi,s3","gs.us-east1,ncbi.public,s3.us-east-1",SRX1739264,GSM2141521,AF189,Salmonella,Illumina HiSeq 2500,SINGLE,cDNA,TRANSCRIPTOMIC,Homo sapiens,ILLUMINA,2016-09-07T00:00:00Z,2016-05-03T10:38:00Z,1,GSM2141521,Macrophages,SRP074274,2 hr
SRR3471907,RNA-Seq,101,3432470456,PRJNA320361,SAMN04932799,1199628513,macrophage,GEO,public,"fastq,run.zq,sra","gs,ncbi,s3","gs.us-east1,ncbi.public,s3.us-east-1",SRX1739265,GSM2141522,AF191,Listeria,Illumina HiSeq 2500,SINGLE,cDNA,TRANSCRIPTOMIC,Homo sapiens,ILLUMINA,2016-09-07T00:00:00Z,2016-05-03T10:38:00Z,1,GSM2141522,Macrophages,SRP074274,2 hr
SRR3471908,RNA-Seq,101,4052071419,PRJNA320361,SAMN04932800,1390662099,macrophage,GEO,public,"fastq,run.zq,sra","gs,ncbi,s3","gs.us-east1,ncbi.public,s3.us-east-1",SRX1739266,GSM2141523,AF191,Non-infected,Illumina HiSeq 2500,SINGLE,cDNA,TRANSCRIPTOMIC,Homo sapiens,ILLUMINA,2016-09-07T00:00:00Z,2016-05-03T10:39:00Z,1,GSM2141523,Macrophages,SRP074274,2 hr
SRR3471909,RNA-Seq,101,4352867599,PRJNA320361,SAMN04932801,1494161782,macrophage,GEO,public,"fastq,run.zq,sra","gs,ncbi,s3","gs.us-east1,ncbi.public,s3.us-east-1",SRX1739267,GSM2141524,AF191,Salmonella,Illumina HiSeq 2500,SINGLE,cDNA,TRANSCRIPTOMIC,Homo sapiens,ILLUMINA,2016-09-07T00:00:00Z,2016-05-03T10:39:00Z,1,GSM2141524,Macrophages,SRP074274,2 hr
SRR3471910,RNA-Seq,101,3757971236,PRJNA320361,SAMN04932802,1327545718,macrophage,GEO,public,"fastq,run.zq,sra","gs,ncbi,s3","gs.us-east1,ncbi.public,s3.us-east-1",SRX1739268,GSM2141525,AF193,Listeria,Illumina HiSeq 2500,SINGLE,cDNA,TRANSCRIPTOMIC,Homo sapiens,ILLUMINA,2016-09-07T00:00:00Z,2016-05-03T10:39:00Z,1,GSM2141525,Macrophages,SRP074274,2 hr
SRR3471911,RNA-Seq,101,3944203520,PRJNA320361,SAMN04932803,1374168822,macrophage,GEO,public,"fastq,run.zq,sra","gs,ncbi,s3","gs.us-east1,ncbi.public,s3.us-east-1",SRX1739269,GSM2141526,AF193,Non-infected,Illumina HiSeq 2500,SINGLE,cDNA,TRANSCRIPTOMIC,Homo sapiens,ILLUMINA,2016-09-07T00:00:00Z,2016-05-03T10:39:00Z,1,GSM2141526,Macrophages,SRP074274,2 hr
SRR3471912,RNA-Seq,101,3317776270,PRJNA320361,SAMN04932804,1187197069,macrophage,GEO,public,"fastq,run.zq,sra","gs,ncbi,s3","gs.us-east1,ncbi.public,s3.us-east-1",SRX1739270,GSM2141527,AF193,Salmonella,Illumina HiSeq 2500,SINGLE,cDNA,TRANSCRIPTOMIC,Homo sapiens,ILLUMINA,2016-09-07T00:00:00Z,2016-05-03T10:38:00Z,1,GSM2141527,Macrophages,SRP074274,2 hr
SRR3471913,RNA-Seq,101,3345645503,PRJNA320361,SAMN04932805,1168419809,macrophage,GEO,public,"fastq,run.zq,sra","gs,ncbi,s3","gs.us-east1,ncbi.public,s3.us-east-1",SRX1739271,GSM2141528,AF195,Listeria,Illumina HiSeq 2500,SINGLE,cDNA,TRANSCRIPTOMIC,Homo sapiens,ILLUMINA,2016-09-07T00:00:00Z,2016-05-03T10:39:00Z,1,GSM2141528,Macrophages,SRP074274,2 hr
SRR3471914,RNA-Seq,101,3422458124,PRJNA320361,SAMN04932806,1200097831,macrophage,GEO,public,"fastq,run.zq,sra","gs,ncbi,s3","gs.us-east1,ncbi.public,s3.us-east-1",SRX1739272,GSM2141529,AF195,Non-infected,Illumina HiSeq 2500,SINGLE,cDNA,TRANSCRIPTOMIC,Homo sapiens,ILLUMINA,2016-09-07T00:00:00Z,2016-05-03T10:38:00Z,1,GSM2141529,Macrophages,SRP074274,2 hr
SRR3471915,RNA-Seq,101,3651425932,PRJNA320361,SAMN04932807,1278994995,macrophage,GEO,public,"fastq,run.zq,sra","gs,ncbi,s3","gs.us-east1,ncbi.public,s3.us-east-1",SRX1739273,GSM2141530,AF195,Salmonella,Illumina HiSeq 2500,SINGLE,cDNA,TRANSCRIPTOMIC,Homo sapiens,ILLUMINA,2016-09-07T00:00:00Z,2016-05-03T10:39:00Z,1,GSM2141530,Macrophages,SRP074274,2 hr
SRR3471916,RNA-Seq,100,3389061600,PRJNA320361,SAMN04932808,2263296939,macrophage,GEO,public,"fastq,run.zq,sra","gs,ncbi,s3","gs.us-east1,ncbi.public,s3.us-east-1",SRX1739274,GSM2141531,AF55,Listeria,Illumina HiSeq 2000,SINGLE,cDNA,TRANSCRIPTOMIC,Homo sapiens,ILLUMINA,2016-09-07T00:00:00Z,2016-05-03T10:39:00Z,1,GSM2141531,Macrophages,SRP074274,2 hr
SRR3471917,RNA-Seq,100,3031086300,PRJNA320361,SAMN04932809,2023348267,macrophage,GEO,public,"fastq,run.zq,sra","gs,ncbi,s3","gs.us-east1,ncbi.public,s3.us-east-1",SRX1739275,GSM2141532,AF55,Salmonella,Illumina HiSeq 2000,SINGLE,cDNA,TRANSCRIPTOMIC,Homo sapiens,ILLUMINA,2016-09-07T00:00:00Z,2016-05-03T10:45:00Z,1,GSM2141532,Macrophages,SRP074274,2 hr
SRR3471918,RNA-Seq,101,5372200908,PRJNA320361,SAMN04933073,1868224275,macrophage,GEO,public,"fastq,run.zq,sra","gs,ncbi,s3","gs.us-east1,ncbi.public,s3.us-east-1",SRX1739276,GSM2141533,AF75,Listeria,Illumina HiSeq 2500,SINGLE,cDNA,TRANSCRIPTOMIC,Homo sapiens,ILLUMINA,2016-09-07T00:00:00Z,2016-05-03T10:41:00Z,1,GSM2141533,Macrophages,SRP074274,2 hr
SRR3471919,RNA-Seq,101,3830012617,PRJNA320361,SAMN04933074,1335699156,macrophage,GEO,public,"fastq,run.zq,sra","gs,ncbi,s3","gs.us-east1,ncbi.public,s3.us-east-1",SRX1739277,GSM2141534,AF75,Non-infected,Illumina HiSeq 2500,SINGLE,cDNA,TRANSCRIPTOMIC,Homo sapiens,ILLUMINA,2016-09-07T00:00:00Z,2016-05-03T10:39:00Z,1,GSM2141534,Macrophages,SRP074274,2 hr
SRR3471920,RNA-Seq,101,3739337948,PRJNA320361,SAMN04933075,1337905527,macrophage,GEO,public,"fastq,run.zq,sra","gs,ncbi,s3","gs.us-east1,ncbi.public,s3.us-east-1",SRX1739278,GSM2141535,AF75,Salmonella,Illumina HiSeq 2500,SINGLE,cDNA,TRANSCRIPTOMIC,Homo sapiens,ILLUMINA,2016-09-07T00:00:00Z,2016-05-03T10:40:00Z,1,GSM2141535,Macrophages,SRP074274,2 hr
SRR3471921,RNA-Seq,101,3777795617,PRJNA320361,SAMN04933076,1722065250,macrophage,GEO,public,"fastq,run.zq,sra","gs,ncbi,s3","gs.us-east1,ncbi.public,s3.us-east-1",SRX1739279,GSM2141536,AF89,Salmonella,Illumina HiSeq 2500,SINGLE,cDNA,TRANSCRIPTOMIC,Homo sapiens,ILLUMINA,2016-09-07T00:00:00Z,2016-05-03T10:46:00Z,1,GSM2141536,Macrophages,SRP074274,2 hr
SRR3471922,RNA-Seq,101,3749287862,PRJNA320361,SAMN04933077,1716011603,macrophage,GEO,public,"fastq,run.zq,sra","gs,ncbi,s3","gs.us-east1,ncbi.public,s3.us-east-1",SRX1739280,GSM2141537,AF91,Salmonella,Illumina HiSeq 2500,SINGLE,cDNA,TRANSCRIPTOMIC,Homo sapiens,ILLUMINA,2016-09-07T00:00:00Z,2016-05-03T10:39:00Z,1,GSM2141537,Macrophages,SRP074274,2 hr
SRR3471923,RNA-Seq,101,3481883191,PRJNA320361,SAMN04932810,1558633928,macrophage,GEO,public,"fastq,run.zq,sra","gs,ncbi,s3","gs.us-east1,ncbi.public,s3.us-east-1",SRX1739281,GSM2141538,AF93,Listeria,Illumina HiSeq 2500,SINGLE,cDNA,TRANSCRIPTOMIC,Homo sapiens,ILLUMINA,2016-09-07T00:00:00Z,2016-05-03T10:47:00Z,1,GSM2141538,Macrophages,SRP074274,2 hr
SRR3471924,RNA-Seq,101,4055023952,PRJNA320361,SAMN04933071,1816914702,macrophage,GEO,public,"fastq,run.zq,sra","gs,ncbi,s3","gs.us-east1,ncbi.public,s3.us-east-1",SRX1739282,GSM2141539,AF93,Non-infected,Illumina HiSeq 2500,SINGLE,cDNA,TRANSCRIPTOMIC,Homo sapiens,ILLUMINA,2016-09-07T00:00:00Z,2016-05-03T10:50:00Z,1,GSM2141539,Macrophages,SRP074274,2 hr
SRR3471925,RNA-Seq,101,3406964623,PRJNA320361,SAMN04933072,1526551630,macrophage,GEO,public,"fastq,run.zq,sra","gs,ncbi,s3","gs.us-east1,ncbi.public,s3.us-east-1",SRX1739283,GSM2141540,AF93,Salmonella,Illumina HiSeq 2500,SINGLE,cDNA,TRANSCRIPTOMIC,Homo sapiens,ILLUMINA,2016-09-07T00:00:00Z,2016-05-03T10:41:00Z,1,GSM2141540,Macrophages,SRP074274,2 hr
SRR3471926,RNA-Seq,101,3451163940,PRJNA320361,SAMN04933078,1555912090,macrophage,GEO,public,"fastq,run.zq,sra","gs,ncbi,s3","gs.us-east1,ncbi.public,s3.us-east-1",SRX1739284,GSM2141541,AF95,Listeria,Illumina HiSeq 2500,SINGLE,cDNA,TRANSCRIPTOMIC,Homo sapiens,ILLUMINA,2016-09-07T00:00:00Z,2016-05-03T10:41:00Z,1,GSM2141541,Macrophages,SRP074274,2 hr
SRR3471927,RNA-Seq,101,3684220632,PRJNA320361,SAMN04933079,1655876526,macrophage,GEO,public,"fastq,run.zq,sra","gs,ncbi,s3","gs.us-east1,ncbi.public,s3.us-east-1",SRX1739285,GSM2141542,AF95,Non-infected,Illumina HiSeq 2500,SINGLE,cDNA,TRANSCRIPTOMIC,Homo sapiens,ILLUMINA,2016-09-07T00:00:00Z,2016-05-03T10:41:00Z,1,GSM2141542,Macrophages,SRP074274,2 hr
SRR3471928,RNA-Seq,101,3918310352,PRJNA320361,SAMN04933080,1752633340,macrophage,GEO,public,"fastq,run.zq,sra","gs,ncbi,s3","gs.us-east1,ncbi.public,s3.us-east-1",SRX1739286,GSM2141543,AF95,Salmonella,Illumina HiSeq 2500,SINGLE,cDNA,TRANSCRIPTOMIC,Homo sapiens,ILLUMINA,2016-09-07T00:00:00Z,2016-05-03T10:42:00Z,1,GSM2141543,Macrophages,SRP074274,2 hr
SRR3471929,RNA-Seq,101,3658590468,PRJNA320361,SAMN04933081,1654645231,macrophage,GEO,public,"fastq,run.zq,sra","gs,ncbi,s3","gs.us-east1,ncbi.public,s3.us-east-1",SRX1739287,GSM2141544,AF97,Listeria,Illumina HiSeq 2500,SINGLE,cDNA,TRANSCRIPTOMIC,Homo sapiens,ILLUMINA,2016-09-07T00:00:00Z,2016-05-03T10:48:00Z,1,GSM2141544,Macrophages,SRP074274,2 hr
SRR3471930,RNA-Seq,101,2872905812,PRJNA320361,SAMN04933082,1304272324,macrophage,GEO,public,"fastq,run.zq,sra","gs,ncbi,s3","gs.us-east1,ncbi.public,s3.us-east-1",SRX1739288,GSM2141545,AF97,Non-infected,Illumina HiSeq 2500,SINGLE,cDNA,TRANSCRIPTOMIC,Homo sapiens,ILLUMINA,2016-09-07T00:00:00Z,2016-05-03T10:41:00Z,1,GSM2141545,Macrophages,SRP074274,2 hr
SRR3471931,RNA-Seq,101,4520379230,PRJNA320361,SAMN04933083,2043267980,macrophage,GEO,public,"fastq,run.zq,sra","gs,ncbi,s3","gs.us-east1,ncbi.public,s3.us-east-1",SRX1739289,GSM2141546,AF97,Salmonella,Illumina HiSeq 2500,SINGLE,cDNA,TRANSCRIPTOMIC,Homo sapiens,ILLUMINA,2016-09-07T00:00:00Z,2016-05-03T10:43:00Z,1,GSM2141546,Macrophages,SRP074274,2 hr
SRR3471932,RNA-Seq,101,3498554756,PRJNA320361,SAMN04933084,1604231919,macrophage,GEO,public,"fastq,run.zq,sra","gs,ncbi,s3","gs.us-east1,ncbi.public,s3.us-east-1",SRX1739290,GSM2141547,EU104,Listeria,Illumina HiSeq 2500,SINGLE,cDNA,TRANSCRIPTOMIC,Homo sapiens,ILLUMINA,2016-09-07T00:00:00Z,2016-05-03T10:41:00Z,1,GSM2141547,Macrophages,SRP074274,2 hr
SRR3471933,RNA-Seq,101,3873038112,PRJNA320361,SAMN04933085,1779650625,macrophage,GEO,public,"fastq,run.zq,sra","gs,ncbi,s3","gs.us-east1,ncbi.public,s3.us-east-1",SRX1739291,GSM2141548,EU104,Non-infected,Illumina HiSeq 2500,SINGLE,cDNA,TRANSCRIPTOMIC,Homo sapiens,ILLUMINA,2016-09-07T00:00:00Z,2016-05-03T10:43:00Z,1,GSM2141548,Macrophages,SRP074274,2 hr
SRR3471934,RNA-Seq,101,3140713978,PRJNA320361,SAMN04933086,1447318910,macrophage,GEO,public,"fastq,run.zq,sra","gs,ncbi,s3","gs.us-east1,ncbi.public,s3.us-east-1",SRX1739292,GSM2141549,EU104,Salmonella,Illumina HiSeq 2500,SINGLE,cDNA,TRANSCRIPTOMIC,Homo sapiens,ILLUMINA,2016-09-07T00:00:00Z,2016-05-03T10:41:00Z,1,GSM2141549,Macrophages,SRP074274,2 hr
SRR3471935,RNA-Seq,101,3619723951,PRJNA320361,SAMN04933087,1621977831,macrophage,GEO,public,"fastq,run.zq,sra","gs,ncbi,s3","gs.us-east1,ncbi.public,s3.us-east-1",SRX1739293,GSM2141550,EU110,Listeria,Illumina HiSeq 2500,SINGLE,cDNA,TRANSCRIPTOMIC,Homo sapiens,ILLUMINA,2016-09-07T00:00:00Z,2016-05-03T10:42:00Z,1,GSM2141550,Macrophages,SRP074274,2 hr
SRR3471936,RNA-Seq,101,3640475714,PRJNA320361,SAMN04933088,1638523277,macrophage,GEO,public,"fastq,run.zq,sra","gs,ncbi,s3","gs.us-east1,ncbi.public,s3.us-east-1",SRX1739294,GSM2141551,EU110,Non-infected,Illumina HiSeq 2500,SINGLE,cDNA,TRANSCRIPTOMIC,Homo sapiens,ILLUMINA,2016-09-07T00:00:00Z,2016-05-03T10:43:00Z,1,GSM2141551,Macrophages,SRP074274,2 hr
SRR3471937,RNA-Seq,101,3619055634,PRJNA320361,SAMN04933089,1617247042,macrophage,GEO,public,"fastq,run.zq,sra","gs,ncbi,s3","gs.us-east1,ncbi.public,s3.us-east-1",SRX1739295,GSM2141552,EU110,Salmonella,Illumina HiSeq 2500,SINGLE,cDNA,TRANSCRIPTOMIC,Homo sapiens,ILLUMINA,2016-09-07T00:00:00Z,2016-05-03T10:42:00Z,1,GSM2141552,Macrophages,SRP074274,2 hr
SRR3471938,RNA-Seq,101,3566447057,PRJNA320361,SAMN04933090,1599830970,macrophage,GEO,public,"fastq,run.zq,sra","gs,ncbi,s3","gs.us-east1,ncbi.public,s3.us-east-1",SRX1739296,GSM2141553,EU118,Listeria,Illumina HiSeq 2500,SINGLE,cDNA,TRANSCRIPTOMIC,Homo sapiens,ILLUMINA,2016-09-07T00:00:00Z,2016-05-03T10:42:00Z,1,GSM2141553,Macrophages,SRP074274,2 hr
SRR3471939,RNA-Seq,101,3402182576,PRJNA320361,SAMN04933091,1532218172,macrophage,GEO,public,"fastq,run.zq,sra","gs,ncbi,s3","gs.us-east1,ncbi.public,s3.us-east-1",SRX1739297,GSM2141554,EU118,Non-infected,Illumina HiSeq 2500,SINGLE,cDNA,TRANSCRIPTOMIC,Homo sapiens,ILLUMINA,2016-09-07T00:00:00Z,2016-05-03T10:42:00Z,1,GSM2141554,Macrophages,SRP074274,2 hr
SRR3471940,RNA-Seq,101,3321191686,PRJNA320361,SAMN04933092,1486513712,macrophage,GEO,public,"fastq,run.zq,sra","gs,ncbi,s3","gs.us-east1,ncbi.public,s3.us-east-1",SRX1739298,GSM2141555,EU118,Salmonella,Illumina HiSeq 2500,SINGLE,cDNA,TRANSCRIPTOMIC,Homo sapiens,ILLUMINA,2016-09-07T00:00:00Z,2016-05-03T10:42:00Z,1,GSM2141555,Macrophages,SRP074274,2 hr
SRR3471941,RNA-Seq,101,3464685012,PRJNA320361,SAMN04933093,1545724134,macrophage,GEO,public,"fastq,run.zq,sra","gs,ncbi,s3","gs.us-east1,ncbi.public,s3.us-east-1",SRX1739299,GSM2141556,EU120,Listeria,Illumina HiSeq 2500,SINGLE,cDNA,TRANSCRIPTOMIC,Homo sapiens,ILLUMINA,2016-09-07T00:00:00Z,2016-05-03T10:41:00Z,1,GSM2141556,Macrophages,SRP074274,2 hr
SRR3471942,RNA-Seq,101,3417965139,PRJNA320361,SAMN04933094,1522639298,macrophage,GEO,public,"fastq,run.zq,sra","gs,ncbi,s3","gs.us-east1,ncbi.public,s3.us-east-1",SRX1739300,GSM2141557,EU120,Non-infected,Illumina HiSeq 2500,SINGLE,cDNA,TRANSCRIPTOMIC,Homo sapiens,ILLUMINA,2016-09-07T00:00:00Z,2016-05-03T10:42:00Z,1,GSM2141557,Macrophages,SRP074274,2 hr
SRR3471943,RNA-Seq,101,4079639167,PRJNA320361,SAMN04933095,1817584403,macrophage,GEO,public,"fastq,run.zq,sra","gs,ncbi,s3","gs.us-east1,ncbi.public,s3.us-east-1",SRX1739301,GSM2141558,EU120,Salmonella,Illumina HiSeq 2500,SINGLE,cDNA,TRANSCRIPTOMIC,Homo sapiens,ILLUMINA,2016-09-07T00:00:00Z,2016-05-03T10:53:00Z,1,GSM2141558,Macrophages,SRP074274,2 hr
SRR3471944,RNA-Seq,101,3195979764,PRJNA320361,SAMN04933096,1430332583,macrophage,GEO,public,"fastq,run.zq,sra","gs,ncbi,s3","gs.us-east1,ncbi.public,s3.us-east-1",SRX1739302,GSM2141559,EU122,Listeria,Illumina HiSeq 2500,SINGLE,cDNA,TRANSCRIPTOMIC,Homo sapiens,ILLUMINA,2016-09-07T00:00:00Z,2016-05-03T10:41:00Z,1,GSM2141559,Macrophages,SRP074274,2 hr
SRR3471945,RNA-Seq,101,3563192130,PRJNA320361,SAMN04933097,1589479366,macrophage,GEO,public,"fastq,run.zq,sra","gs,ncbi,s3","gs.us-east1,ncbi.public,s3.us-east-1",SRX1739303,GSM2141560,EU122,Non-infected,Illumina HiSeq 2500,SINGLE,cDNA,TRANSCRIPTOMIC,Homo sapiens,ILLUMINA,2016-09-07T00:00:00Z,2016-05-03T10:41:00Z,1,GSM2141560,Macrophages,SRP074274,2 hr
SRR3471946,RNA-Seq,101,4460457041,PRJNA320361,SAMN04933098,1985859077,macrophage,GEO,public,"fastq,run.zq,sra","gs,ncbi,s3","gs.us-east1,ncbi.public,s3.us-east-1",SRX1739304,GSM2141561,EU122,Salmonella,Illumina HiSeq 2500,SINGLE,cDNA,TRANSCRIPTOMIC,Homo sapiens,ILLUMINA,2016-09-07T00:00:00Z,2016-05-03T10:44:00Z,1,GSM2141561,Macrophages,SRP074274,2 hr
SRR3471947,RNA-Seq,101,3812520023,PRJNA320361,SAMN04933099,1313404289,macrophage,GEO,public,"fastq,run.zq,sra","gs,ncbi,s3","gs.us-east1,ncbi.public,s3.us-east-1",SRX1739305,GSM2141562,EU126,Listeria,Illumina HiSeq 2500,SINGLE,cDNA,TRANSCRIPTOMIC,Homo sapiens,ILLUMINA,2016-09-07T00:00:00Z,2016-05-03T10:42:00Z,1,GSM2141562,Macrophages,SRP074274,2 hr
SRR3471948,RNA-Seq,101,3778254258,PRJNA320361,SAMN04933100,1307185802,macrophage,GEO,public,"fastq,run.zq,sra","gs,ncbi,s3","gs.us-east1,ncbi.public,s3.us-east-1",SRX1739306,GSM2141563,EU126,Non-infected,Illumina HiSeq 2500,SINGLE,cDNA,TRANSCRIPTOMIC,Homo sapiens,ILLUMINA,2016-09-07T00:00:00Z,2016-05-03T10:42:00Z,1,GSM2141563,Macrophages,SRP074274,2 hr
SRR3471949,RNA-Seq,101,3853906288,PRJNA320361,SAMN04933191,1325720015,macrophage,GEO,public,"fastq,run.zq,sra","gs,ncbi,s3","gs.us-east1,ncbi.public,s3.us-east-1",SRX1739307,GSM2141564,EU126,Salmonella,Illumina HiSeq 2500,SINGLE,cDNA,TRANSCRIPTOMIC,Homo sapiens,ILLUMINA,2016-09-07T00:00:00Z,2016-05-03T10:42:00Z,1,GSM2141564,Macrophages,SRP074274,2 hr
SRR3471950,RNA-Seq,101,3444987689,PRJNA320361,SAMN04933192,1532840794,macrophage,GEO,public,"fastq,run.zq,sra","gs,ncbi,s3","gs.us-east1,ncbi.public,s3.us-east-1",SRX1739308,GSM2141565,EU128,Listeria,Illumina HiSeq 2500,SINGLE,cDNA,TRANSCRIPTOMIC,Homo sapiens,ILLUMINA,2016-09-07T00:00:00Z,2016-05-03T10:42:00Z,1,GSM2141565,Macrophages,SRP074274,2 hr
SRR3471951,RNA-Seq,101,3408064311,PRJNA320361,SAMN04933193,1520524917,macrophage,GEO,public,"fastq,run.zq,sra","gs,ncbi,s3","gs.us-east1,ncbi.public,s3.us-east-1",SRX1739309,GSM2141566,EU128,Non-infected,Illumina HiSeq 2500,SINGLE,cDNA,TRANSCRIPTOMIC,Homo sapiens,ILLUMINA,2016-09-07T00:00:00Z,2016-05-03T10:41:00Z,1,GSM2141566,Macrophages,SRP074274,2 hr
SRR3471952,RNA-Seq,101,3812011488,PRJNA320361,SAMN04933194,1707998796,macrophage,GEO,public,"fastq,run.zq,sra","gs,ncbi,s3","gs.us-east1,ncbi.public,s3.us-east-1",SRX1739310,GSM2141567,EU128,Salmonella,Illumina HiSeq 2500,SINGLE,cDNA,TRANSCRIPTOMIC,Homo sapiens,ILLUMINA,2016-09-07T00:00:00Z,2016-05-03T10:43:00Z,1,GSM2141567,Macrophages,SRP074274,2 hr
SRR3471953,RNA-Seq,101,3380792695,PRJNA320361,SAMN04933195,1528387452,macrophage,GEO,public,"fastq,run.zq,sra","gs,ncbi,s3","gs.us-east1,ncbi.public,s3.us-east-1",SRX1739311,GSM2141568,EU130,Listeria,Illumina HiSeq 2500,SINGLE,cDNA,TRANSCRIPTOMIC,Homo sapiens,ILLUMINA,2016-09-07T00:00:00Z,2016-05-03T10:42:00Z,1,GSM2141568,Macrophages,SRP074274,2 hr
SRR3471954,RNA-Seq,101,3509319538,PRJNA320361,SAMN04933196,1588788193,macrophage,GEO,public,"fastq,run.zq,sra","gs,ncbi,s3","gs.us-east1,ncbi.public,s3.us-east-1",SRX1739312,GSM2141569,EU130,Non-infected,Illumina HiSeq 2500,SINGLE,cDNA,TRANSCRIPTOMIC,Homo sapiens,ILLUMINA,2016-09-07T00:00:00Z,2016-05-03T10:43:00Z,1,GSM2141569,Macrophages,SRP074274,2 hr
SRR3471955,RNA-Seq,101,3699614749,PRJNA320361,SAMN04933197,1667025206,macrophage,GEO,public,"fastq,run.zq,sra","gs,ncbi,s3","gs.us-east1,ncbi.public,s3.us-east-1",SRX1739313,GSM2141570,EU130,Salmonella,Illumina HiSeq 2500,SINGLE,cDNA,TRANSCRIPTOMIC,Homo sapiens,ILLUMINA,2016-09-07T00:00:00Z,2016-05-03T10:43:00Z,1,GSM2141570,Macrophages,SRP074274,2 hr
SRR3471956,RNA-Seq,101,3990701092,PRJNA320361,SAMN04933198,1792682986,macrophage,GEO,public,"fastq,run.zq,sra","gs,ncbi,s3","gs.us-east1,ncbi.public,s3.us-east-1",SRX1739314,GSM2141571,EU134,Listeria,Illumina HiSeq 2500,SINGLE,cDNA,TRANSCRIPTOMIC,Homo sapiens,ILLUMINA,2016-09-07T00:00:00Z,2016-05-03T10:42:00Z,1,GSM2141571,Macrophages,SRP074274,2 hr
SRR3471957,RNA-Seq,101,3319756577,PRJNA320361,SAMN04933199,1505633063,macrophage,GEO,public,"fastq,run.zq,sra","gs,ncbi,s3","gs.us-east1,ncbi.public,s3.us-east-1",SRX1739315,GSM2141572,EU134,Non-infected,Illumina HiSeq 2500,SINGLE,cDNA,TRANSCRIPTOMIC,Homo sapiens,ILLUMINA,2016-09-07T00:00:00Z,2016-05-03T10:42:00Z,1,GSM2141572,Macrophages,SRP074274,2 hr
SRR3471958,RNA-Seq,101,3542381888,PRJNA320361,SAMN04933200,1587016920,macrophage,GEO,public,"fastq,run.zq,sra","gs,ncbi,s3","gs.us-east1,ncbi.public,s3.us-east-1",SRX1739316,GSM2141573,EU134,Salmonella,Illumina HiSeq 2500,SINGLE,cDNA,TRANSCRIPTOMIC,Homo sapiens,ILLUMINA,2016-09-07T00:00:00Z,2016-05-03T10:47:00Z,1,GSM2141573,Macrophages,SRP074274,2 hr
SRR3471959,RNA-Seq,101,3562854992,PRJNA320361,SAMN04933201,1632038099,macrophage,GEO,public,"fastq,run.zq,sra","gs,ncbi,s3","gs.us-east1,ncbi.public,s3.us-east-1",SRX1739317,GSM2141574,EU136,Listeria,Illumina HiSeq 2500,SINGLE,cDNA,TRANSCRIPTOMIC,Homo sapiens,ILLUMINA,2016-09-07T00:00:00Z,2016-05-03T10:46:00Z,1,GSM2141574,Macrophages,SRP074274,2 hr
SRR3471960,RNA-Seq,101,3281173971,PRJNA320361,SAMN04933202,1504751417,macrophage,GEO,public,"fastq,run.zq,sra","gs,ncbi,s3","gs.us-east1,ncbi.public,s3.us-east-1",SRX1739318,GSM2141575,EU136,Non-infected,Illumina HiSeq 2500,SINGLE,cDNA,TRANSCRIPTOMIC,Homo sapiens,ILLUMINA,2016-09-07T00:00:00Z,2016-05-03T10:41:00Z,1,GSM2141575,Macrophages,SRP074274,2 hr
SRR3471961,RNA-Seq,101,5382444833,PRJNA320361,SAMN04933203,2453392257,macrophage,GEO,public,"fastq,run.zq,sra","gs,ncbi,s3","gs.us-east1,ncbi.public,s3.us-east-1",SRX1739319,GSM2141576,EU136,Salmonella,Illumina HiSeq 2500,SINGLE,cDNA,TRANSCRIPTOMIC,Homo sapiens,ILLUMINA,2016-09-07T00:00:00Z,2016-05-03T10:58:00Z,1,GSM2141576,Macrophages,SRP074274,2 hr
SRR3471962,RNA-Seq,101,3387402943,PRJNA320361,SAMN04933204,1512394893,macrophage,GEO,public,"fastq,run.zq,sra","gs,ncbi,s3","gs.us-east1,ncbi.public,s3.us-east-1",SRX1739320,GSM2141577,EU138,Listeria,Illumina HiSeq 2500,SINGLE,cDNA,TRANSCRIPTOMIC,Homo sapiens,ILLUMINA,2016-09-07T00:00:00Z,2016-05-03T10:50:00Z,1,GSM2141577,Macrophages,SRP074274,2 hr
SRR3471963,RNA-Seq,101,4260011532,PRJNA320361,SAMN04933205,1891116648,macrophage,GEO,public,"fastq,run.zq,sra","gs,ncbi,s3","gs.us-east1,ncbi.public,s3.us-east-1",SRX1739321,GSM2141578,EU138,Non-infected,Illumina HiSeq 2500,SINGLE,cDNA,TRANSCRIPTOMIC,Homo sapiens,ILLUMINA,2016-09-07T00:00:00Z,2016-05-03T10:56:00Z,1,GSM2141578,Macrophages,SRP074274,2 hr
SRR3471964,RNA-Seq,101,3325013223,PRJNA320361,SAMN04933206,1480065835,macrophage,GEO,public,"fastq,run.zq,sra","gs,ncbi,s3","gs.us-east1,ncbi.public,s3.us-east-1",SRX1739322,GSM2141579,EU138,Salmonella,Illumina HiSeq 2500,SINGLE,cDNA,TRANSCRIPTOMIC,Homo sapiens,ILLUMINA,2016-09-07T00:00:00Z,2016-05-03T10:50:00Z,1,GSM2141579,Macrophages,SRP074274,2 hr
SRR3471965,RNA-Seq,101,3851285237,PRJNA320361,SAMN04933207,1332715781,macrophage,GEO,public,"fastq,run.zq,sra","gs,ncbi,s3","gs.us-east1,ncbi.public,s3.us-east-1",SRX1739323,GSM2141580,EU140,Listeria,Illumina HiSeq 2500,SINGLE,cDNA,TRANSCRIPTOMIC,Homo sapiens,ILLUMINA,2016-09-07T00:00:00Z,2016-05-03T10:44:00Z,1,GSM2141580,Macrophages,SRP074274,2 hr
SRR3471966,RNA-Seq,101,3785681798,PRJNA320361,SAMN04933208,1312985045,macrophage,GEO,public,"fastq,run.zq,sra","gs,ncbi,s3","gs.us-east1,ncbi.public,s3.us-east-1",SRX1739324,GSM2141581,EU140,Non-infected,Illumina HiSeq 2500,SINGLE,cDNA,TRANSCRIPTOMIC,Homo sapiens,ILLUMINA,2016-09-07T00:00:00Z,2016-05-03T10:43:00Z,1,GSM2141581,Macrophages,SRP074274,2 hr
SRR3471967,RNA-Seq,101,4046533690,PRJNA320361,SAMN04933209,1408321834,macrophage,GEO,public,"fastq,run.zq,sra","gs,ncbi,s3","gs.us-east1,ncbi.public,s3.us-east-1",SRX1739325,GSM2141582,EU140,Salmonella,Illumina HiSeq 2500,SINGLE,cDNA,TRANSCRIPTOMIC,Homo sapiens,ILLUMINA,2016-09-07T00:00:00Z,2016-05-03T10:44:00Z,1,GSM2141582,Macrophages,SRP074274,2 hr
SRR3471968,RNA-Seq,101,3564192636,PRJNA320361,SAMN04933210,1213891759,macrophage,GEO,public,"fastq,run.zq,sra","gs,ncbi,s3","gs.us-east1,ncbi.public,s3.us-east-1",SRX1739326,GSM2141583,EU144,Listeria,Illumina HiSeq 2500,SINGLE,cDNA,TRANSCRIPTOMIC,Homo sapiens,ILLUMINA,2016-09-07T00:00:00Z,2016-05-03T10:43:00Z,1,GSM2141583,Macrophages,SRP074274,2 hr
SRR3471969,RNA-Seq,101,3505765853,PRJNA320361,SAMN04933211,1173577908,macrophage,GEO,public,"fastq,run.zq,sra","gs,ncbi,s3","gs.us-east1,ncbi.public,s3.us-east-1",SRX1739327,GSM2141584,EU144,Non-infected,Illumina HiSeq 2500,SINGLE,cDNA,TRANSCRIPTOMIC,Homo sapiens,ILLUMINA,2016-09-07T00:00:00Z,2016-05-03T10:42:00Z,1,GSM2141584,Macrophages,SRP074274,2 hr
SRR3471970,RNA-Seq,101,3790715234,PRJNA320361,SAMN04933212,1271254530,macrophage,GEO,public,"fastq,run.zq,sra","gs,ncbi,s3","gs.us-east1,ncbi.public,s3.us-east-1",SRX1739328,GSM2141585,EU144,Salmonella,Illumina HiSeq 2500,SINGLE,cDNA,TRANSCRIPTOMIC,Homo sapiens,ILLUMINA,2016-09-07T00:00:00Z,2016-05-03T10:43:00Z,1,GSM2141585,Macrophages,SRP074274,2 hr
SRR3471971,RNA-Seq,101,3409430033,PRJNA320361,SAMN04933213,1157544439,macrophage,GEO,public,"fastq,run.zq,sra","gs,ncbi,s3","gs.us-east1,ncbi.public,s3.us-east-1",SRX1739329,GSM2141586,EU148,Listeria,Illumina HiSeq 2500,SINGLE,cDNA,TRANSCRIPTOMIC,Homo sapiens,ILLUMINA,2016-09-07T00:00:00Z,2016-05-03T10:43:00Z,1,GSM2141586,Macrophages,SRP074274,2 hr
SRR3471972,RNA-Seq,101,3070502111,PRJNA320361,SAMN04933214,1055659378,macrophage,GEO,public,"fastq,run.zq,sra","gs,ncbi,s3","gs.us-east1,ncbi.public,s3.us-east-1",SRX1739330,GSM2141587,EU148,Non-infected,Illumina HiSeq 2500,SINGLE,cDNA,TRANSCRIPTOMIC,Homo sapiens,ILLUMINA,2016-09-07T00:00:00Z,2016-05-03T10:42:00Z,1,GSM2141587,Macrophages,SRP074274,2 hr
SRR3471973,RNA-Seq,101,3771433526,PRJNA320361,SAMN04933215,1295139194,macrophage,GEO,public,"fastq,run.zq,sra","gs,ncbi,s3","gs.us-east1,ncbi.public,s3.us-east-1",SRX1739331,GSM2141588,EU148,Salmonella,Illumina HiSeq 2500,SINGLE,cDNA,TRANSCRIPTOMIC,Homo sapiens,ILLUMINA,2016-09-07T00:00:00Z,2016-05-03T10:45:00Z,1,GSM2141588,Macrophages,SRP074274,2 hr
SRR3471974,RNA-Seq,101,3491040962,PRJNA320361,SAMN04933216,1187156100,macrophage,GEO,public,"fastq,run.zq,sra","gs,ncbi,s3","gs.us-east1,ncbi.public,s3.us-east-1",SRX1739332,GSM2141589,EU152,Listeria,Illumina HiSeq 2500,SINGLE,cDNA,TRANSCRIPTOMIC,Homo sapiens,ILLUMINA,2016-09-07T00:00:00Z,2016-05-03T10:42:00Z,1,GSM2141589,Macrophages,SRP074274,2 hr
SRR3471975,RNA-Seq,101,3553683687,PRJNA320361,SAMN04933217,1213168264,macrophage,GEO,public,"fastq,run.zq,sra","gs,ncbi,s3","gs.us-east1,ncbi.public,s3.us-east-1",SRX1739333,GSM2141590,EU152,Non-infected,Illumina HiSeq 2500,SINGLE,cDNA,TRANSCRIPTOMIC,Homo sapiens,ILLUMINA,2016-09-07T00:00:00Z,2016-05-03T10:42:00Z,1,GSM2141590,Macrophages,SRP074274,2 hr
SRR3471976,RNA-Seq,101,3409762121,PRJNA320361,SAMN04933218,1164113332,macrophage,GEO,public,"fastq,run.zq,sra","gs,ncbi,s3","gs.us-east1,ncbi.public,s3.us-east-1",SRX1739334,GSM2141591,EU152,Salmonella,Illumina HiSeq 2500,SINGLE,cDNA,TRANSCRIPTOMIC,Homo sapiens,ILLUMINA,2016-09-07T00:00:00Z,2016-05-03T10:42:00Z,1,GSM2141591,Macrophages,SRP074274,2 hr
SRR3471977,RNA-Seq,101,3258718944,PRJNA320361,SAMN04933219,1092461736,macrophage,GEO,public,"fastq,run.zq,sra","gs,ncbi,s3","gs.us-east1,ncbi.public,s3.us-east-1",SRX1739335,GSM2141592,EU156,Listeria,Illumina HiSeq 2500,SINGLE,cDNA,TRANSCRIPTOMIC,Homo sapiens,ILLUMINA,2016-09-07T00:00:00Z,2016-05-03T10:43:00Z,1,GSM2141592,Macrophages,SRP074274,2 hr
SRR3471978,RNA-Seq,101,3557953866,PRJNA320361,SAMN04933220,1207277575,macrophage,GEO,public,"fastq,run.zq,sra","gs,ncbi,s3","gs.us-east1,ncbi.public,s3.us-east-1",SRX1739336,GSM2141593,EU156,Non-infected,Illumina HiSeq 2500,SINGLE,cDNA,TRANSCRIPTOMIC,Homo sapiens,ILLUMINA,2016-09-07T00:00:00Z,2016-05-03T10:42:00Z,1,GSM2141593,Macrophages,SRP074274,2 hr
SRR3471979,RNA-Seq,101,3634328248,PRJNA320361,SAMN04933131,1227767047,macrophage,GEO,public,"fastq,run.zq,sra","gs,ncbi,s3","gs.us-east1,ncbi.public,s3.us-east-1",SRX1739337,GSM2141594,EU156,Salmonella,Illumina HiSeq 2500,SINGLE,cDNA,TRANSCRIPTOMIC,Homo sapiens,ILLUMINA,2016-09-07T00:00:00Z,2016-05-03T10:42:00Z,1,GSM2141594,Macrophages,SRP074274,2 hr
SRR3471980,RNA-Seq,101,3491989150,PRJNA320361,SAMN04933132,1168426459,macrophage,GEO,public,"fastq,run.zq,sra","gs,ncbi,s3","gs.us-east1,ncbi.public,s3.us-east-1",SRX1739338,GSM2141595,EU162,Listeria,Illumina HiSeq 2500,SINGLE,cDNA,TRANSCRIPTOMIC,Homo sapiens,ILLUMINA,2016-09-07T00:00:00Z,2016-05-03T10:43:00Z,1,GSM2141595,Macrophages,SRP074274,2 hr
SRR3471981,RNA-Seq,101,3670984077,PRJNA320361,SAMN04933133,1233751333,macrophage,GEO,public,"fastq,run.zq,sra","gs,ncbi,s3","gs.us-east1,ncbi.public,s3.us-east-1",SRX1739339,GSM2141596,EU162,Non-infected,Illumina HiSeq 2500,SINGLE,cDNA,TRANSCRIPTOMIC,Homo sapiens,ILLUMINA,2016-09-07T00:00:00Z,2016-05-03T10:44:00Z,1,GSM2141596,Macrophages,SRP074274,2 hr
SRR3471982,RNA-Seq,101,2983614437,PRJNA320361,SAMN04933134,1010498669,macrophage,GEO,public,"fastq,run.zq,sra","gs,ncbi,s3","gs.us-east1,ncbi.public,s3.us-east-1",SRX1739340,GSM2141597,EU162,Salmonella,Illumina HiSeq 2500,SINGLE,cDNA,TRANSCRIPTOMIC,Homo sapiens,ILLUMINA,2016-09-07T00:00:00Z,2016-05-03T10:49:00Z,1,GSM2141597,Macrophages,SRP074274,2 hr
SRR3471983,RNA-Seq,101,3415184003,PRJNA320361,SAMN04933135,1143889569,macrophage,GEO,public,"fastq,run.zq,sra","gs,ncbi,s3","gs.us-east1,ncbi.public,s3.us-east-1",SRX1739341,GSM2141598,EU164,Listeria,Illumina HiSeq 2500,SINGLE,cDNA,TRANSCRIPTOMIC,Homo sapiens,ILLUMINA,2016-09-07T00:00:00Z,2016-05-03T10:52:00Z,1,GSM2141598,Macrophages,SRP074274,2 hr
SRR3471984,RNA-Seq,101,3350197169,PRJNA320361,SAMN04933136,1134438501,macrophage,GEO,public,"fastq,run.zq,sra","gs,ncbi,s3","gs.us-east1,ncbi.public,s3.us-east-1",SRX1739342,GSM2141599,EU164,Non-infected,Illumina HiSeq 2500,SINGLE,cDNA,TRANSCRIPTOMIC,Homo sapiens,ILLUMINA,2016-09-07T00:00:00Z,2016-05-03T10:42:00Z,1,GSM2141599,Macrophages,SRP074274,2 hr
SRR3471985,RNA-Seq,101,3233740735,PRJNA320361,SAMN04933137,1089896419,macrophage,GEO,public,"fastq,run.zq,sra","gs,ncbi,s3","gs.us-east1,ncbi.public,s3.us-east-1",SRX1739343,GSM2141600,EU164,Salmonella,Illumina HiSeq 2500,SINGLE,cDNA,TRANSCRIPTOMIC,Homo sapiens,ILLUMINA,2016-09-07T00:00:00Z,2016-05-03T10:43:00Z,1,GSM2141600,Macrophages,SRP074274,2 hr
SRR3471986,RNA-Seq,101,3749437443,PRJNA320361,SAMN04933138,1674844093,macrophage,GEO,public,"fastq,run.zq,sra","gs,ncbi,s3","gs.us-east1,ncbi.public,s3.us-east-1",SRX1739344,GSM2141601,EU168,Listeria,Illumina HiSeq 2500,SINGLE,cDNA,TRANSCRIPTOMIC,Homo sapiens,ILLUMINA,2016-09-07T00:00:00Z,2016-05-03T10:45:00Z,1,GSM2141601,Macrophages,SRP074274,2 hr
SRR3471987,RNA-Seq,101,3406096730,PRJNA320361,SAMN04933139,1517569594,macrophage,GEO,public,"fastq,run.zq,sra","gs,ncbi,s3","gs.us-east1,ncbi.public,s3.us-east-1",SRX1739345,GSM2141602,EU168,Non-infected,Illumina HiSeq 2500,SINGLE,cDNA,TRANSCRIPTOMIC,Homo sapiens,ILLUMINA,2016-09-07T00:00:00Z,2016-05-03T10:43:00Z,1,GSM2141602,Macrophages,SRP074274,2 hr
SRR3471988,RNA-Seq,101,2950735604,PRJNA320361,SAMN04933140,1318315725,macrophage,GEO,public,"fastq,run.zq,sra","gs,ncbi,s3","gs.us-east1,ncbi.public,s3.us-east-1",SRX1739346,GSM2141603,EU168,Salmonella,Illumina HiSeq 2500,SINGLE,cDNA,TRANSCRIPTOMIC,Homo sapiens,ILLUMINA,2016-09-07T00:00:00Z,2016-05-03T10:43:00Z,1,GSM2141603,Macrophages,SRP074274,2 hr
SRR3471989,RNA-Seq,101,3535620241,PRJNA320361,SAMN04933141,1589047074,macrophage,GEO,public,"fastq,run.zq,sra","gs,ncbi,s3","gs.us-east1,ncbi.public,s3.us-east-1",SRX1739347,GSM2141604,EU170,Listeria,Illumina HiSeq 2500,SINGLE,cDNA,TRANSCRIPTOMIC,Homo sapiens,ILLUMINA,2016-09-07T00:00:00Z,2016-05-03T10:44:00Z,1,GSM2141604,Macrophages,SRP074274,2 hr
SRR3471990,RNA-Seq,101,4123500134,PRJNA320361,SAMN04933142,1848921679,macrophage,GEO,public,"fastq,run.zq,sra","gs,ncbi,s3","gs.us-east1,ncbi.public,s3.us-east-1",SRX1739348,GSM2141605,EU170,Non-infected,Illumina HiSeq 2500,SINGLE,cDNA,TRANSCRIPTOMIC,Homo sapiens,ILLUMINA,2016-09-07T00:00:00Z,2016-05-03T10:46:00Z,1,GSM2141605,Macrophages,SRP074274,2 hr
SRR3471991,RNA-Seq,101,3802238324,PRJNA320361,SAMN04933143,1696699394,macrophage,GEO,public,"fastq,run.zq,sra","gs,ncbi,s3","gs.us-east1,ncbi.public,s3.us-east-1",SRX1739349,GSM2141606,EU170,Salmonella,Illumina HiSeq 2500,SINGLE,cDNA,TRANSCRIPTOMIC,Homo sapiens,ILLUMINA,2016-09-07T00:00:00Z,2016-05-03T10:44:00Z,1,GSM2141606,Macrophages,SRP074274,2 hr
SRR3471992,RNA-Seq,101,3147258677,PRJNA320361,SAMN04933144,1439453514,macrophage,GEO,public,"fastq,run.zq,sra","gs,ncbi,s3","gs.us-east1,ncbi.public,s3.us-east-1",SRX1739350,GSM2141607,EU184,Listeria,Illumina HiSeq 2500,SINGLE,cDNA,TRANSCRIPTOMIC,Homo sapiens,ILLUMINA,2016-09-07T00:00:00Z,2016-05-03T10:44:00Z,1,GSM2141607,Macrophages,SRP074274,2 hr
SRR3471993,RNA-Seq,101,2891749281,PRJNA320361,SAMN04933145,1336905016,macrophage,GEO,public,"fastq,run.zq,sra","gs,ncbi,s3","gs.us-east1,ncbi.public,s3.us-east-1",SRX1739351,GSM2141608,EU184,Non-infected,Illumina HiSeq 2500,SINGLE,cDNA,TRANSCRIPTOMIC,Homo sapiens,ILLUMINA,2016-09-07T00:00:00Z,2016-05-03T10:43:00Z,1,GSM2141608,Macrophages,SRP074274,2 hr
SRR3471994,RNA-Seq,101,3587649078,PRJNA320361,SAMN04933146,1641078076,macrophage,GEO,public,"fastq,run.zq,sra","gs,ncbi,s3","gs.us-east1,ncbi.public,s3.us-east-1",SRX1739352,GSM2141609,EU184,Salmonella,Illumina HiSeq 2500,SINGLE,cDNA,TRANSCRIPTOMIC,Homo sapiens,ILLUMINA,2016-09-07T00:00:00Z,2016-05-03T10:46:00Z,1,GSM2141609,Macrophages,SRP074274,2 hr
SRR3471995,RNA-Seq,101,4019082294,PRJNA320361,SAMN04933147,1448745597,macrophage,GEO,public,"fastq,run.zq,sra","gs,ncbi,s3","gs.us-east1,ncbi.public,s3.us-east-1",SRX1739353,GSM2141610,EU186,Listeria,Illumina HiSeq 2500,SINGLE,cDNA,TRANSCRIPTOMIC,Homo sapiens,ILLUMINA,2016-09-07T00:00:00Z,2016-05-03T10:45:00Z,1,GSM2141610,Macrophages,SRP074274,2 hr
SRR3471996,RNA-Seq,101,4031641644,PRJNA320361,SAMN04933148,1448700977,macrophage,GEO,public,"fastq,run.zq,sra","gs,ncbi,s3","gs.us-east1,ncbi.public,s3.us-east-1",SRX1739354,GSM2141611,EU186,Non-infected,Illumina HiSeq 2500,SINGLE,cDNA,TRANSCRIPTOMIC,Homo sapiens,ILLUMINA,2016-09-07T00:00:00Z,2016-05-03T10:53:00Z,1,GSM2141611,Macrophages,SRP074274,2 hr
SRR3471997,RNA-Seq,101,3868820453,PRJNA320361,SAMN04933149,1390248403,macrophage,GEO,public,"fastq,run.zq,sra","gs,ncbi,s3","gs.us-east1,ncbi.public,s3.us-east-1",SRX1739355,GSM2141612,EU186,Salmonella,Illumina HiSeq 2500,SINGLE,cDNA,TRANSCRIPTOMIC,Homo sapiens,ILLUMINA,2016-09-07T00:00:00Z,2016-05-03T10:49:00Z,1,GSM2141612,Macrophages,SRP074274,2 hr
SRR3471998,RNA-Seq,101,3849792861,PRJNA320361,SAMN04933150,1289623792,macrophage,GEO,public,"fastq,run.zq,sra","gs,ncbi,s3","gs.us-east1,ncbi.public,s3.us-east-1",SRX1739356,GSM2141613,EU190,Listeria,Illumina HiSeq 2500,SINGLE,cDNA,TRANSCRIPTOMIC,Homo sapiens,ILLUMINA,2016-09-07T00:00:00Z,2016-05-03T10:44:00Z,1,GSM2141613,Macrophages,SRP074274,2 hr
SRR3471999,RNA-Seq,101,3609455685,PRJNA320361,SAMN04933151,1219981476,macrophage,GEO,public,"fastq,run.zq,sra","gs,ncbi,s3","gs.us-east1,ncbi.public,s3.us-east-1",SRX1739357,GSM2141614,EU190,Non-infected,Illumina HiSeq 2500,SINGLE,cDNA,TRANSCRIPTOMIC,Homo sapiens,ILLUMINA,2016-09-07T00:00:00Z,2016-05-03T10:46:00Z,1,GSM2141614,Macrophages,SRP074274,2 hr
SRR3472000,RNA-Seq,101,3489800783,PRJNA320361,SAMN04933152,1183902827,macrophage,GEO,public,"fastq,run.zq,sra","gs,ncbi,s3","gs.us-east1,ncbi.public,s3.us-east-1",SRX1739358,GSM2141615,EU190,Salmonella,Illumina HiSeq 2500,SINGLE,cDNA,TRANSCRIPTOMIC,Homo sapiens,ILLUMINA,2016-09-07T00:00:00Z,2016-05-03T10:46:00Z,1,GSM2141615,Macrophages,SRP074274,2 hr
SRR3472001,RNA-Seq,101,3636580952,PRJNA320361,SAMN04933153,1240856700,macrophage,GEO,public,"fastq,run.zq,sra","gs,ncbi,s3","gs.us-east1,ncbi.public,s3.us-east-1",SRX1739359,GSM2141616,EU200,Listeria,Illumina HiSeq 2500,SINGLE,cDNA,TRANSCRIPTOMIC,Homo sapiens,ILLUMINA,2016-09-07T00:00:00Z,2016-05-03T10:53:00Z,1,GSM2141616,Macrophages,SRP074274,2 hr
SRR3472002,RNA-Seq,101,3578259007,PRJNA320361,SAMN04933154,1229176268,macrophage,GEO,public,"fastq,run.zq,sra","gs,ncbi,s3","gs.us-east1,ncbi.public,s3.us-east-1",SRX1739360,GSM2141617,EU200,Non-infected,Illumina HiSeq 2500,SINGLE,cDNA,TRANSCRIPTOMIC,Homo sapiens,ILLUMINA,2016-09-07T00:00:00Z,2016-05-03T10:43:00Z,1,GSM2141617,Macrophages,SRP074274,2 hr
SRR3472003,RNA-Seq,101,3501850083,PRJNA320361,SAMN04933155,1192704303,macrophage,GEO,public,"fastq,run.zq,sra","gs,ncbi,s3","gs.us-east1,ncbi.public,s3.us-east-1",SRX1739361,GSM2141618,EU200,Salmonella,Illumina HiSeq 2500,SINGLE,cDNA,TRANSCRIPTOMIC,Homo sapiens,ILLUMINA,2016-09-07T00:00:00Z,2016-05-03T10:44:00Z,1,GSM2141618,Macrophages,SRP074274,2 hr
SRR3472004,RNA-Seq,101,3658194750,PRJNA320361,SAMN04933156,1645930860,macrophage,GEO,public,"fastq,run.zq,sra","gs,ncbi,s3","gs.us-east1,ncbi.public,s3.us-east-1",SRX1739362,GSM2141619,EU202,Listeria,Illumina HiSeq 2500,SINGLE,cDNA,TRANSCRIPTOMIC,Homo sapiens,ILLUMINA,2016-09-07T00:00:00Z,2016-05-03T10:55:00Z,1,GSM2141619,Macrophages,SRP074274,2 hr
SRR3472005,RNA-Seq,101,3287439304,PRJNA320361,SAMN04933157,1472227926,macrophage,GEO,public,"fastq,run.zq,sra","gs,ncbi,s3","gs.us-east1,ncbi.public,s3.us-east-1",SRX1739363,GSM2141620,EU202,Non-infected,Illumina HiSeq 2500,SINGLE,cDNA,TRANSCRIPTOMIC,Homo sapiens,ILLUMINA,2016-09-07T00:00:00Z,2016-05-03T10:46:00Z,1,GSM2141620,Macrophages,SRP074274,2 hr
SRR3472006,RNA-Seq,101,3915363980,PRJNA320361,SAMN04933158,1750129426,macrophage,GEO,public,"fastq,run.zq,sra","gs,ncbi,s3","gs.us-east1,ncbi.public,s3.us-east-1",SRX1739364,GSM2141621,EU202,Salmonella,Illumina HiSeq 2500,SINGLE,cDNA,TRANSCRIPTOMIC,Homo sapiens,ILLUMINA,2016-09-07T00:00:00Z,2016-05-03T10:49:00Z,1,GSM2141621,Macrophages,SRP074274,2 hr
SRR3472007,RNA-Seq,101,3573170829,PRJNA320361,SAMN04933159,1188651326,macrophage,GEO,public,"fastq,run.zq,sra","gs,ncbi,s3","gs.us-east1,ncbi.public,s3.us-east-1",SRX1739365,GSM2141622,EU210,Listeria,Illumina HiSeq 2500,SINGLE,cDNA,TRANSCRIPTOMIC,Homo sapiens,ILLUMINA,2016-09-07T00:00:00Z,2016-05-03T10:48:00Z,1,GSM2141622,Macrophages,SRP074274,2 hr
SRR3472008,RNA-Seq,101,3305459926,PRJNA320361,SAMN04933160,1121065253,macrophage,GEO,public,"fastq,run.zq,sra","gs,ncbi,s3","gs.us-east1,ncbi.public,s3.us-east-1",SRX1739366,GSM2141623,EU210,Non-infected,Illumina HiSeq 2500,SINGLE,cDNA,TRANSCRIPTOMIC,Homo sapiens,ILLUMINA,2016-09-07T00:00:00Z,2016-05-03T10:45:00Z,1,GSM2141623,Macrophages,SRP074274,2 hr
SRR3472009,RNA-Seq,101,3697143481,PRJNA320361,SAMN04933161,1240482590,macrophage,GEO,public,"fastq,run.zq,sra","gs,ncbi,s3","gs.us-east1,ncbi.public,s3.us-east-1",SRX1739367,GSM2141624,EU210,Salmonella,Illumina HiSeq 2500,SINGLE,cDNA,TRANSCRIPTOMIC,Homo sapiens,ILLUMINA,2016-09-07T00:00:00Z,2016-05-03T10:51:00Z,1,GSM2141624,Macrophages,SRP074274,2 hr
SRR3472010,RNA-Seq,101,3557511587,PRJNA320361,SAMN04933162,1191308597,macrophage,GEO,public,"fastq,run.zq,sra","gs,ncbi,s3","gs.us-east1,ncbi.public,s3.us-east-1",SRX1739368,GSM2141625,EU212,Listeria,Illumina HiSeq 2500,SINGLE,cDNA,TRANSCRIPTOMIC,Homo sapiens,ILLUMINA,2016-09-07T00:00:00Z,2016-05-03T10:54:00Z,1,GSM2141625,Macrophages,SRP074274,2 hr
SRR3472011,RNA-Seq,101,3636063630,PRJNA320361,SAMN04933163,1212496096,macrophage,GEO,public,"fastq,run.zq,sra","gs,ncbi,s3","gs.us-east1,ncbi.public,s3.us-east-1",SRX1739369,GSM2141626,EU212,Non-infected,Illumina HiSeq 2500,SINGLE,cDNA,TRANSCRIPTOMIC,Homo sapiens,ILLUMINA,2016-09-07T00:00:00Z,2016-05-03T10:54:00Z,1,GSM2141626,Macrophages,SRP074274,2 hr
SRR3472012,RNA-Seq,101,3360342114,PRJNA320361,SAMN04933164,1128817747,macrophage,GEO,public,"fastq,run.zq,sra","gs,ncbi,s3","gs.us-east1,ncbi.public,s3.us-east-1",SRX1739370,GSM2141627,EU212,Salmonella,Illumina HiSeq 2500,SINGLE,cDNA,TRANSCRIPTOMIC,Homo sapiens,ILLUMINA,2016-09-07T00:00:00Z,2016-05-03T10:53:00Z,1,GSM2141627,Macrophages,SRP074274,2 hr
SRR3472013,RNA-Seq,101,2786150751,PRJNA320361,SAMN04933165,1265832052,macrophage,GEO,public,"fastq,run.zq,sra","gs,ncbi,s3","gs.us-east1,ncbi.public,s3.us-east-1",SRX1739371,GSM2141628,EU214,Listeria,Illumina HiSeq 2500,SINGLE,cDNA,TRANSCRIPTOMIC,Homo sapiens,ILLUMINA,2016-09-07T00:00:00Z,2016-05-03T10:45:00Z,1,GSM2141628,Macrophages,SRP074274,2 hr
SRR3472014,RNA-Seq,101,3729743756,PRJNA320361,SAMN04933166,1683522271,macrophage,GEO,public,"fastq,run.zq,sra","gs,ncbi,s3","gs.us-east1,ncbi.public,s3.us-east-1",SRX1739372,GSM2141629,EU214,Non-infected,Illumina HiSeq 2500,SINGLE,cDNA,TRANSCRIPTOMIC,Homo sapiens,ILLUMINA,2016-09-07T00:00:00Z,2016-05-03T10:48:00Z,1,GSM2141629,Macrophages,SRP074274,2 hr
SRR3472015,RNA-Seq,101,3159829339,PRJNA320361,SAMN04933167,1419995669,macrophage,GEO,public,"fastq,run.zq,sra","gs,ncbi,s3","gs.us-east1,ncbi.public,s3.us-east-1",SRX1739373,GSM2141630,EU214,Salmonella,Illumina HiSeq 2500,SINGLE,cDNA,TRANSCRIPTOMIC,Homo sapiens,ILLUMINA,2016-09-07T00:00:00Z,2016-05-03T10:50:00Z,1,GSM2141630,Macrophages,SRP074274,2 hr
SRR3472016,RNA-Seq,101,4025715368,PRJNA320361,SAMN04933168,1444617698,macrophage,GEO,public,"fastq,run.zq,sra","gs,ncbi,s3","gs.us-east1,ncbi.public,s3.us-east-1",SRX1739374,GSM2141631,EU216,Listeria,Illumina HiSeq 2500,SINGLE,cDNA,TRANSCRIPTOMIC,Homo sapiens,ILLUMINA,2016-09-07T00:00:00Z,2016-05-03T10:56:00Z,1,GSM2141631,Macrophages,SRP074274,2 hr
SRR3472017,RNA-Seq,101,3831648615,PRJNA320361,SAMN04933169,1371659868,macrophage,GEO,public,"fastq,run.zq,sra","gs,ncbi,s3","gs.us-east1,ncbi.public,s3.us-east-1",SRX1739375,GSM2141632,EU216,Non-infected,Illumina HiSeq 2500,SINGLE,cDNA,TRANSCRIPTOMIC,Homo sapiens,ILLUMINA,2016-09-07T00:00:00Z,2016-05-03T10:55:00Z,1,GSM2141632,Macrophages,SRP074274,2 hr
SRR3472018,RNA-Seq,101,3986318803,PRJNA320361,SAMN04933170,1427395120,macrophage,GEO,public,"fastq,run.zq,sra","gs,ncbi,s3","gs.us-east1,ncbi.public,s3.us-east-1",SRX1739376,GSM2141633,EU216,Salmonella,Illumina HiSeq 2500,SINGLE,cDNA,TRANSCRIPTOMIC,Homo sapiens,ILLUMINA,2016-09-07T00:00:00Z,2016-05-03T11:07:00Z,1,GSM2141633,Macrophages,SRP074274,2 hr
SRR3472019,RNA-Seq,101,3432033429,PRJNA320361,SAMN04933171,1141635502,macrophage,GEO,public,"fastq,run.zq,sra","gs,ncbi,s3","gs.us-east1,ncbi.public,s3.us-east-1",SRX1739377,GSM2141634,EU224,Listeria,Illumina HiSeq 2500,SINGLE,cDNA,TRANSCRIPTOMIC,Homo sapiens,ILLUMINA,2016-09-07T00:00:00Z,2016-05-03T10:47:00Z,1,GSM2141634,Macrophages,SRP074274,2 hr
SRR3472020,RNA-Seq,101,3115546899,PRJNA320361,SAMN04933172,1041639933,macrophage,GEO,public,"fastq,run.zq,sra","gs,ncbi,s3","gs.us-east1,ncbi.public,s3.us-east-1",SRX1739378,GSM2141635,EU224,Non-infected,Illumina HiSeq 2500,SINGLE,cDNA,TRANSCRIPTOMIC,Homo sapiens,ILLUMINA,2016-09-07T00:00:00Z,2016-05-03T10:46:00Z,1,GSM2141635,Macrophages,SRP074274,2 hr
SRR3472021,RNA-Seq,101,3410884534,PRJNA320361,SAMN04933173,1135057010,macrophage,GEO,public,"fastq,run.zq,sra","gs,ncbi,s3","gs.us-east1,ncbi.public,s3.us-east-1",SRX1739379,GSM2141636,EU224,Salmonella,Illumina HiSeq 2500,SINGLE,cDNA,TRANSCRIPTOMIC,Homo sapiens,ILLUMINA,2016-09-07T00:00:00Z,2016-05-03T10:54:00Z,1,GSM2141636,Macrophages,SRP074274,2 hr
SRR3472022,RNA-Seq,101,3389940063,PRJNA320361,SAMN04933174,1190956700,macrophage,GEO,public,"fastq,run.zq,sra","gs,ncbi,s3","gs.us-east1,ncbi.public,s3.us-east-1",SRX1739380,GSM2141637,EU230,Listeria,Illumina HiSeq 2500,SINGLE,cDNA,TRANSCRIPTOMIC,Homo sapiens,ILLUMINA,2016-09-07T00:00:00Z,2016-05-03T10:57:00Z,1,GSM2141637,Macrophages,SRP074274,2 hr
SRR3472023,RNA-Seq,101,3601778069,PRJNA320361,SAMN04933175,1259995399,macrophage,GEO,public,"fastq,run.zq,sra","gs,ncbi,s3","gs.us-east1,ncbi.public,s3.us-east-1",SRX1739381,GSM2141638,EU230,Non-infected,Illumina HiSeq 2500,SINGLE,cDNA,TRANSCRIPTOMIC,Homo sapiens,ILLUMINA,2016-09-07T00:00:00Z,2016-05-03T10:58:00Z,1,GSM2141638,Macrophages,SRP074274,2 hr
SRR3472024,RNA-Seq,101,3930621545,PRJNA320361,SAMN04933176,1374641088,macrophage,GEO,public,"fastq,run.zq,sra","gs,ncbi,s3","gs.us-east1,ncbi.public,s3.us-east-1",SRX1739382,GSM2141639,EU230,Salmonella,Illumina HiSeq 2500,SINGLE,cDNA,TRANSCRIPTOMIC,Homo sapiens,ILLUMINA,2016-09-07T00:00:00Z,2016-05-03T10:47:00Z,1,GSM2141639,Macrophages,SRP074274,2 hr
SRR3472025,RNA-Seq,101,3295642019,PRJNA320361,SAMN04933177,1477403784,macrophage,GEO,public,"fastq,run.zq,sra","gs,ncbi,s3","gs.us-east1,ncbi.public,s3.us-east-1",SRX1739383,GSM2141640,EU232,Listeria,Illumina HiSeq 2500,SINGLE,cDNA,TRANSCRIPTOMIC,Homo sapiens,ILLUMINA,2016-09-07T00:00:00Z,2016-05-03T11:00:00Z,1,GSM2141640,Macrophages,SRP074274,2 hr
SRR3472026,RNA-Seq,101,3111875145,PRJNA320361,SAMN04933178,1402175058,macrophage,GEO,public,"fastq,run.zq,sra","gs,ncbi,s3","gs.us-east1,ncbi.public,s3.us-east-1",SRX1739384,GSM2141641,EU232,Non-infected,Illumina HiSeq 2500,SINGLE,cDNA,TRANSCRIPTOMIC,Homo sapiens,ILLUMINA,2016-09-07T00:00:00Z,2016-05-03T10:54:00Z,1,GSM2141641,Macrophages,SRP074274,2 hr
SRR3472027,RNA-Seq,101,3641085047,PRJNA320361,SAMN04933179,1630688773,macrophage,GEO,public,"fastq,run.zq,sra","gs,ncbi,s3","gs.us-east1,ncbi.public,s3.us-east-1",SRX1739385,GSM2141642,EU232,Salmonella,Illumina HiSeq 2500,SINGLE,cDNA,TRANSCRIPTOMIC,Homo sapiens,ILLUMINA,2016-09-07T00:00:00Z,2016-05-03T10:49:00Z,1,GSM2141642,Macrophages,SRP074274,2 hr
SRR3472028,RNA-Seq,101,4490367989,PRJNA320361,SAMN04933180,1581587641,macrophage,GEO,public,"fastq,run.zq,sra","gs,ncbi,s3","gs.us-east1,ncbi.public,s3.us-east-1",SRX1739386,GSM2141643,EU238,Listeria,Illumina HiSeq 2500,SINGLE,cDNA,TRANSCRIPTOMIC,Homo sapiens,ILLUMINA,2016-09-07T00:00:00Z,2016-05-03T10:48:00Z,1,GSM2141643,Macrophages,SRP074274,2 hr
SRR3472029,RNA-Seq,101,4153910729,PRJNA320361,SAMN04933181,1440861239,macrophage,GEO,public,"fastq,run.zq,sra","gs,ncbi,s3","gs.us-east1,ncbi.public,s3.us-east-1",SRX1739387,GSM2141644,EU238,Non-infected,Illumina HiSeq 2500,SINGLE,cDNA,TRANSCRIPTOMIC,Homo sapiens,ILLUMINA,2016-09-07T00:00:00Z,2016-05-03T11:08:00Z,1,GSM2141644,Macrophages,SRP074274,2 hr
SRR3472030,RNA-Seq,101,4250923653,PRJNA320361,SAMN04933182,1476767878,macrophage,GEO,public,"fastq,run.zq,sra","gs,ncbi,s3","gs.us-east1,ncbi.public,s3.us-east-1",SRX1739388,GSM2141645,EU238,Salmonella,Illumina HiSeq 2500,SINGLE,cDNA,TRANSCRIPTOMIC,Homo sapiens,ILLUMINA,2016-09-07T00:00:00Z,2016-05-03T10:58:00Z,1,GSM2141645,Macrophages,SRP074274,2 hr
SRR3472031,RNA-Seq,101,4171523715,PRJNA320361,SAMN04933183,1469194184,macrophage,GEO,public,"fastq,run.zq,sra","gs,ncbi,s3","gs.us-east1,ncbi.public,s3.us-east-1",SRX1739389,GSM2141646,EU240,Listeria,Illumina HiSeq 2500,SINGLE,cDNA,TRANSCRIPTOMIC,Homo sapiens,ILLUMINA,2016-09-07T00:00:00Z,2016-05-03T10:57:00Z,1,GSM2141646,Macrophages,SRP074274,2 hr
SRR3472032,RNA-Seq,101,3870323636,PRJNA320361,SAMN04933184,1390816715,macrophage,GEO,public,"fastq,run.zq,sra","gs,ncbi,s3","gs.us-east1,ncbi.public,s3.us-east-1",SRX1739390,GSM2141647,EU240,Salmonella,Illumina HiSeq 2500,SINGLE,cDNA,TRANSCRIPTOMIC,Homo sapiens,ILLUMINA,2016-09-07T00:00:00Z,2016-05-03T10:51:00Z,1,GSM2141647,Macrophages,SRP074274,2 hr
SRR3472033,RNA-Seq,101,4063592489,PRJNA320361,SAMN04933185,1415492878,macrophage,GEO,public,"fastq,run.zq,sra","gs,ncbi,s3","gs.us-east1,ncbi.public,s3.us-east-1",SRX1739391,GSM2141648,EU242,Listeria,Illumina HiSeq 2500,SINGLE,cDNA,TRANSCRIPTOMIC,Homo sapiens,ILLUMINA,2016-09-07T00:00:00Z,2016-05-03T10:48:00Z,1,GSM2141648,Macrophages,SRP074274,2 hr
SRR3472034,RNA-Seq,101,3779372732,PRJNA320361,SAMN04933186,1320266893,macrophage,GEO,public,"fastq,run.zq,sra","gs,ncbi,s3","gs.us-east1,ncbi.public,s3.us-east-1",SRX1739392,GSM2141649,EU242,Non-infected,Illumina HiSeq 2500,SINGLE,cDNA,TRANSCRIPTOMIC,Homo sapiens,ILLUMINA,2016-09-07T00:00:00Z,2016-05-03T10:48:00Z,1,GSM2141649,Macrophages,SRP074274,2 hr
SRR3472035,RNA-Seq,101,3738985155,PRJNA320361,SAMN04933187,1380921500,macrophage,GEO,public,"fastq,run.zq,sra","gs,ncbi,s3","gs.us-east1,ncbi.public,s3.us-east-1",SRX1739393,GSM2141650,EU242,Salmonella,Illumina HiSeq 2500,SINGLE,cDNA,TRANSCRIPTOMIC,Homo sapiens,ILLUMINA,2016-09-07T00:00:00Z,2016-05-03T11:07:00Z,1,GSM2141650,Macrophages,SRP074274,2 hr
SRR3472036,RNA-Seq,101,3675278092,PRJNA320361,SAMN04933189,1223492042,macrophage,GEO,public,"fastq,run.zq,sra","gs,ncbi,s3","gs.us-east1,ncbi.public,s3.us-east-1",SRX1739394,GSM2141651,EU246,Listeria,Illumina HiSeq 2500,SINGLE,cDNA,TRANSCRIPTOMIC,Homo sapiens,ILLUMINA,2016-09-07T00:00:00Z,2016-05-03T10:52:00Z,1,GSM2141651,Macrophages,SRP074274,2 hr
SRR3472037,RNA-Seq,101,3981826424,PRJNA320361,SAMN04933190,1413974978,macrophage,GEO,public,"fastq,run.zq,sra","gs,ncbi,s3","gs.us-east1,ncbi.public,s3.us-east-1",SRX1739395,GSM2141652,EU246,Salmonella,Illumina HiSeq 2500,SINGLE,cDNA,TRANSCRIPTOMIC,Homo sapiens,ILLUMINA,2016-09-07T00:00:00Z,2016-05-03T10:53:00Z,1,GSM2141652,Macrophages,SRP074274,2 hr
SRR3472038,RNA-Seq,101,4674398069,PRJNA320361,SAMN04933221,1594017250,macrophage,GEO,public,"fastq,run.zq,sra","gs,ncbi,s3","gs.us-east1,ncbi.public,s3.us-east-1",SRX1739396,GSM2141653,EU248,Listeria,Illumina HiSeq 2500,SINGLE,cDNA,TRANSCRIPTOMIC,Homo sapiens,ILLUMINA,2016-09-07T00:00:00Z,2016-05-03T10:55:00Z,1,GSM2141653,Macrophages,SRP074274,2 hr
SRR3472039,RNA-Seq,101,4729465895,PRJNA320361,SAMN04933222,1616678796,macrophage,GEO,public,"fastq,run.zq,sra","gs,ncbi,s3","gs.us-east1,ncbi.public,s3.us-east-1",SRX1739397,GSM2141654,EU248,Non-infected,Illumina HiSeq 2500,SINGLE,cDNA,TRANSCRIPTOMIC,Homo sapiens,ILLUMINA,2016-09-07T00:00:00Z,2016-05-03T10:55:00Z,1,GSM2141654,Macrophages,SRP074274,2 hr
SRR3472040,RNA-Seq,101,4022239150,PRJNA320361,SAMN04933223,1420309293,macrophage,GEO,public,"fastq,run.zq,sra","gs,ncbi,s3","gs.us-east1,ncbi.public,s3.us-east-1",SRX1739398,GSM2141655,EU248,Salmonella,Illumina HiSeq 2500,SINGLE,cDNA,TRANSCRIPTOMIC,Homo sapiens,ILLUMINA,2016-09-07T00:00:00Z,2016-05-03T10:53:00Z,1,GSM2141655,Macrophages,SRP074274,2 hr
SRR3472041,RNA-Seq,101,3476886216,PRJNA320361,SAMN04933224,1543362996,macrophage,GEO,public,"fastq,run.zq,sra","gs,ncbi,s3","gs.us-east1,ncbi.public,s3.us-east-1",SRX1739399,GSM2141656,EU252,Non-infected,Illumina HiSeq 2500,SINGLE,cDNA,TRANSCRIPTOMIC,Homo sapiens,ILLUMINA,2016-09-07T00:00:00Z,2016-05-03T10:52:00Z,1,GSM2141656,Macrophages,SRP074274,2 hr
SRR3472042,RNA-Seq,101,3293907041,PRJNA320361,SAMN04933225,1463127797,macrophage,GEO,public,"fastq,run.zq,sra","gs,ncbi,s3","gs.us-east1,ncbi.public,s3.us-east-1",SRX1739400,GSM2141657,EU252,Salmonella,Illumina HiSeq 2500,SINGLE,cDNA,TRANSCRIPTOMIC,Homo sapiens,ILLUMINA,2016-09-07T00:00:00Z,2016-05-03T10:52:00Z,1,GSM2141657,Macrophages,SRP074274,2 hr
SRR3472043,RNA-Seq,101,4427010285,PRJNA320361,SAMN04933188,1511692853,macrophage,GEO,public,"fastq,run.zq,sra","gs,ncbi,s3","gs.us-east1,ncbi.public,s3.us-east-1",SRX1739401,GSM2141658,EU254,Listeria,Illumina HiSeq 2500,SINGLE,cDNA,TRANSCRIPTOMIC,Homo sapiens,ILLUMINA,2016-09-07T00:00:00Z,2016-05-03T10:54:00Z,1,GSM2141658,Macrophages,SRP074274,2 hr
SRR3472044,RNA-Seq,101,4223695770,PRJNA320361,SAMN04933226,1463403033,macrophage,GEO,public,"fastq,run.zq,sra","gs,ncbi,s3","gs.us-east1,ncbi.public,s3.us-east-1",SRX1739402,GSM2141659,EU254,Non-infected,Illumina HiSeq 2500,SINGLE,cDNA,TRANSCRIPTOMIC,Homo sapiens,ILLUMINA,2016-09-07T00:00:00Z,2016-05-03T10:53:00Z,1,GSM2141659,Macrophages,SRP074274,2 hr
SRR3472045,RNA-Seq,101,3945719025,PRJNA320361,SAMN04933227,1374528682,macrophage,GEO,public,"fastq,run.zq,sra","gs,ncbi,s3","gs.us-east1,ncbi.public,s3.us-east-1",SRX1739403,GSM2141660,EU254,Salmonella,Illumina HiSeq 2500,SINGLE,cDNA,TRANSCRIPTOMIC,Homo sapiens,ILLUMINA,2016-09-07T00:00:00Z,2016-05-03T10:58:00Z,1,GSM2141660,Macrophages,SRP074274,2 hr
SRR3472046,RNA-Seq,101,4039318452,PRJNA320361,SAMN04933228,1458921344,macrophage,GEO,public,"fastq,run.zq,sra","gs,ncbi,s3","gs.us-east1,ncbi.public,s3.us-east-1",SRX1739404,GSM2141661,EU258,Listeria,Illumina HiSeq 2500,SINGLE,cDNA,TRANSCRIPTOMIC,Homo sapiens,ILLUMINA,2016-09-07T00:00:00Z,2016-05-03T10:55:00Z,1,GSM2141661,Macrophages,SRP074274,2 hr
SRR3472047,RNA-Seq,101,4080761479,PRJNA320361,SAMN04933229,1443891756,macrophage,GEO,public,"fastq,run.zq,sra","gs,ncbi,s3","gs.us-east1,ncbi.public,s3.us-east-1",SRX1739405,GSM2141662,EU258,Non-infected,Illumina HiSeq 2500,SINGLE,cDNA,TRANSCRIPTOMIC,Homo sapiens,ILLUMINA,2016-09-07T00:00:00Z,2016-05-03T10:54:00Z,1,GSM2141662,Macrophages,SRP074274,2 hr
SRR3472048,RNA-Seq,101,3899643532,PRJNA320361,SAMN04933230,1369927423,macrophage,GEO,public,"fastq,run.zq,sra","gs,ncbi,s3","gs.us-east1,ncbi.public,s3.us-east-1",SRX1739406,GSM2141663,EU258,Salmonella,Illumina HiSeq 2500,SINGLE,cDNA,TRANSCRIPTOMIC,Homo sapiens,ILLUMINA,2016-09-07T00:00:00Z,2016-05-03T10:54:00Z,1,GSM2141663,Macrophages,SRP074274,2 hr
SRR3472049,RNA-Seq,101,4103367804,PRJNA320361,SAMN04933231,1407511359,macrophage,GEO,public,"fastq,run.zq,sra","gs,ncbi,s3","gs.us-east1,ncbi.public,s3.us-east-1",SRX1739407,GSM2141664,EU260,Listeria,Illumina HiSeq 2500,SINGLE,cDNA,TRANSCRIPTOMIC,Homo sapiens,ILLUMINA,2016-09-07T00:00:00Z,2016-05-03T10:51:00Z,1,GSM2141664,Macrophages,SRP074274,2 hr
SRR3472050,RNA-Seq,101,3832425608,PRJNA320361,SAMN04933232,1325120653,macrophage,GEO,public,"fastq,run.zq,sra","gs,ncbi,s3","gs.us-east1,ncbi.public,s3.us-east-1",SRX1739408,GSM2141665,EU260,Non-infected,Illumina HiSeq 2500,SINGLE,cDNA,TRANSCRIPTOMIC,Homo sapiens,ILLUMINA,2016-09-07T00:00:00Z,2016-05-03T10:53:00Z,1,GSM2141665,Macrophages,SRP074274,2 hr
SRR3472051,RNA-Seq,101,3488542323,PRJNA320361,SAMN04933233,1212931275,macrophage,GEO,public,"fastq,run.zq,sra","gs,ncbi,s3","gs.us-east1,ncbi.public,s3.us-east-1",SRX1739409,GSM2141666,EU260,Salmonella,Illumina HiSeq 2500,SINGLE,cDNA,TRANSCRIPTOMIC,Homo sapiens,ILLUMINA,2016-09-07T00:00:00Z,2016-05-03T10:52:00Z,1,GSM2141666,Macrophages,SRP074274,2 hr
SRR3472052,RNA-Seq,101,3808615464,PRJNA320361,SAMN04933234,1329117347,macrophage,GEO,public,"fastq,run.zq,sra","gs,ncbi,s3","gs.us-east1,ncbi.public,s3.us-east-1",SRX1739410,GSM2141667,EU262,Listeria,Illumina HiSeq 2500,SINGLE,cDNA,TRANSCRIPTOMIC,Homo sapiens,ILLUMINA,2016-09-07T00:00:00Z,2016-05-03T10:51:00Z,1,GSM2141667,Macrophages,SRP074274,2 hr
SRR3472053,RNA-Seq,101,4496620697,PRJNA320361,SAMN04933235,1646171799,macrophage,GEO,public,"fastq,run.zq,sra","gs,ncbi,s3","gs.us-east1,ncbi.public,s3.us-east-1",SRX1739411,GSM2141668,EU262,Non-infected,Illumina HiSeq 2500,SINGLE,cDNA,TRANSCRIPTOMIC,Homo sapiens,ILLUMINA,2016-09-07T00:00:00Z,2016-05-03T10:54:00Z,1,GSM2141668,Macrophages,SRP074274,2 hr
SRR3472054,RNA-Seq,101,3887717351,PRJNA320361,SAMN04933236,1352298748,macrophage,GEO,public,"fastq,run.zq,sra","gs,ncbi,s3","gs.us-east1,ncbi.public,s3.us-east-1",SRX1739412,GSM2141669,EU262,Salmonella,Illumina HiSeq 2500,SINGLE,cDNA,TRANSCRIPTOMIC,Homo sapiens,ILLUMINA,2016-09-07T00:00:00Z,2016-05-03T10:51:00Z,1,GSM2141669,Macrophages,SRP074274,2 hr
SRR3472055,RNA-Seq,101,3691935416,PRJNA320361,SAMN04933237,1264815765,macrophage,GEO,public,"fastq,run.zq,sra","gs,ncbi,s3","gs.us-east1,ncbi.public,s3.us-east-1",SRX1739413,GSM2141670,EU264,Listeria,Illumina HiSeq 2500,SINGLE,cDNA,TRANSCRIPTOMIC,Homo sapiens,ILLUMINA,2016-09-07T00:00:00Z,2016-05-03T10:57:00Z,1,GSM2141670,Macrophages,SRP074274,2 hr
SRR3472056,RNA-Seq,101,3412189555,PRJNA320361,SAMN04933238,1171215670,macrophage,GEO,public,"fastq,run.zq,sra","gs,ncbi,s3","gs.us-east1,ncbi.public,s3.us-east-1",SRX1739414,GSM2141671,EU264,Non-infected,Illumina HiSeq 2500,SINGLE,cDNA,TRANSCRIPTOMIC,Homo sapiens,ILLUMINA,2016-09-07T00:00:00Z,2016-05-03T10:49:00Z,1,GSM2141671,Macrophages,SRP074274,2 hr
SRR3472057,RNA-Seq,101,3626796678,PRJNA320361,SAMN04933239,1244432631,macrophage,GEO,public,"fastq,run.zq,sra","gs,ncbi,s3","gs.us-east1,ncbi.public,s3.us-east-1",SRX1739415,GSM2141672,EU264,Salmonella,Illumina HiSeq 2500,SINGLE,cDNA,TRANSCRIPTOMIC,Homo sapiens,ILLUMINA,2016-09-07T00:00:00Z,2016-05-03T10:50:00Z,1,GSM2141672,Macrophages,SRP074274,2 hr
SRR3472058,RNA-Seq,101,3933678108,PRJNA320361,SAMN04933240,1355190493,macrophage,GEO,public,"fastq,run.zq,sra","gs,ncbi,s3","gs.us-east1,ncbi.public,s3.us-east-1",SRX1739416,GSM2141673,EU266,Listeria,Illumina HiSeq 2500,SINGLE,cDNA,TRANSCRIPTOMIC,Homo sapiens,ILLUMINA,2016-09-07T00:00:00Z,2016-05-03T10:56:00Z,1,GSM2141673,Macrophages,SRP074274,2 hr
SRR3472059,RNA-Seq,101,3655985375,PRJNA320361,SAMN04933241,1259578469,macrophage,GEO,public,"fastq,run.zq,sra","gs,ncbi,s3","gs.us-east1,ncbi.public,s3.us-east-1",SRX1739417,GSM2141674,EU266,Non-infected,Illumina HiSeq 2500,SINGLE,cDNA,TRANSCRIPTOMIC,Homo sapiens,ILLUMINA,2016-09-07T00:00:00Z,2016-05-03T10:52:00Z,1,GSM2141674,Macrophages,SRP074274,2 hr
SRR3472060,RNA-Seq,101,3939960611,PRJNA320361,SAMN04933242,1363154092,macrophage,GEO,public,"fastq,run.zq,sra","gs,ncbi,s3","gs.us-east1,ncbi.public,s3.us-east-1",SRX1739418,GSM2141675,EU266,Salmonella,Illumina HiSeq 2500,SINGLE,cDNA,TRANSCRIPTOMIC,Homo sapiens,ILLUMINA,2016-09-07T00:00:00Z,2016-05-03T10:58:00Z,1,GSM2141675,Macrophages,SRP074274,2 hr
SRR3472061,RNA-Seq,101,3891363855,PRJNA320361,SAMN04933243,1373745823,macrophage,GEO,public,"fastq,run.zq,sra","gs,ncbi,s3","gs.us-east1,ncbi.public,s3.us-east-1",SRX1739419,GSM2141676,EU268,Listeria,Illumina HiSeq 2500,SINGLE,cDNA,TRANSCRIPTOMIC,Homo sapiens,ILLUMINA,2016-09-07T00:00:00Z,2016-05-03T10:54:00Z,1,GSM2141676,Macrophages,SRP074274,2 hr
SRR3472062,RNA-Seq,101,3977527359,PRJNA320361,SAMN04933244,1388513910,macrophage,GEO,public,"fastq,run.zq,sra","gs,ncbi,s3","gs.us-east1,ncbi.public,s3.us-east-1",SRX1739420,GSM2141677,EU268,Non-infected,Illumina HiSeq 2500,SINGLE,cDNA,TRANSCRIPTOMIC,Homo sapiens,ILLUMINA,2016-09-07T00:00:00Z,2016-05-03T10:59:00Z,1,GSM2141677,Macrophages,SRP074274,2 hr
SRR3472063,RNA-Seq,101,4532162395,PRJNA320361,SAMN04933245,1581008107,macrophage,GEO,public,"fastq,run.zq,sra","gs,ncbi,s3","gs.us-east1,ncbi.public,s3.us-east-1",SRX1739421,GSM2141678,EU268,Salmonella,Illumina HiSeq 2500,SINGLE,cDNA,TRANSCRIPTOMIC,Homo sapiens,ILLUMINA,2016-09-07T00:00:00Z,2016-05-03T10:55:00Z,1,GSM2141678,Macrophages,SRP074274,2 hr
SRR3472064,RNA-Seq,101,4062237776,PRJNA320361,SAMN04933246,1423281230,macrophage,GEO,public,"fastq,run.zq,sra","gs,ncbi,s3","gs.us-east1,ncbi.public,s3.us-east-1",SRX1739422,GSM2141679,EU270,Listeria,Illumina HiSeq 2500,SINGLE,cDNA,TRANSCRIPTOMIC,Homo sapiens,ILLUMINA,2016-09-07T00:00:00Z,2016-05-03T10:55:00Z,1,GSM2141679,Macrophages,SRP074274,2 hr
SRR3472065,RNA-Seq,101,4140553984,PRJNA320361,SAMN04933247,1442652032,macrophage,GEO,public,"fastq,run.zq,sra","gs,ncbi,s3","gs.us-east1,ncbi.public,s3.us-east-1",SRX1739423,GSM2141680,EU270,Non-infected,Illumina HiSeq 2500,SINGLE,cDNA,TRANSCRIPTOMIC,Homo sapiens,ILLUMINA,2016-09-07T00:00:00Z,2016-05-03T10:54:00Z,1,GSM2141680,Macrophages,SRP074274,2 hr
SRR3472066,RNA-Seq,101,4144453796,PRJNA320361,SAMN04933248,1446903872,macrophage,GEO,public,"fastq,run.zq,sra","gs,ncbi,s3","gs.us-east1,ncbi.public,s3.us-east-1",SRX1739424,GSM2141681,EU270,Salmonella,Illumina HiSeq 2500,SINGLE,cDNA,TRANSCRIPTOMIC,Homo sapiens,ILLUMINA,2016-09-07T00:00:00Z,2016-05-03T10:52:00Z,1,GSM2141681,Macrophages,SRP074274,2 hr
SRR3472067,RNA-Seq,101,3610088147,PRJNA320361,SAMN04933249,1243814385,macrophage,GEO,public,"fastq,run.zq,sra","gs,ncbi,s3","gs.us-east1,ncbi.public,s3.us-east-1",SRX1739425,GSM2141682,EU272,Listeria,Illumina HiSeq 2500,SINGLE,cDNA,TRANSCRIPTOMIC,Homo sapiens,ILLUMINA,2016-09-07T00:00:00Z,2016-05-03T10:52:00Z,1,GSM2141682,Macrophages,SRP074274,2 hr
SRR3472068,RNA-Seq,101,3748316848,PRJNA320361,SAMN04933250,1302816041,macrophage,GEO,public,"fastq,run.zq,sra","gs,ncbi,s3","gs.us-east1,ncbi.public,s3.us-east-1",SRX1739426,GSM2141683,EU272,Non-infected,Illumina HiSeq 2500,SINGLE,cDNA,TRANSCRIPTOMIC,Homo sapiens,ILLUMINA,2016-09-07T00:00:00Z,2016-05-03T10:54:00Z,1,GSM2141683,Macrophages,SRP074274,2 hr
SRR3472069,RNA-Seq,101,3933930810,PRJNA320361,SAMN04933101,1356736790,macrophage,GEO,public,"fastq,run.zq,sra","gs,ncbi,s3","gs.us-east1,ncbi.public,s3.us-east-1",SRX1739427,GSM2141684,EU272,Salmonella,Illumina HiSeq 2500,SINGLE,cDNA,TRANSCRIPTOMIC,Homo sapiens,ILLUMINA,2016-09-07T00:00:00Z,2016-05-03T10:54:00Z,1,GSM2141684,Macrophages,SRP074274,2 hr
SRR3472070,RNA-Seq,101,4085983179,PRJNA320361,SAMN04933102,1425851384,macrophage,GEO,public,"fastq,run.zq,sra","gs,ncbi,s3","gs.us-east1,ncbi.public,s3.us-east-1",SRX1739428,GSM2141685,EU274,Listeria,Illumina HiSeq 2500,SINGLE,cDNA,TRANSCRIPTOMIC,Homo sapiens,ILLUMINA,2016-09-07T00:00:00Z,2016-05-03T10:54:00Z,1,GSM2141685,Macrophages,SRP074274,2 hr
SRR3472071,RNA-Seq,101,4029710019,PRJNA320361,SAMN04933103,1410325327,macrophage,GEO,public,"fastq,run.zq,sra","gs,ncbi,s3","gs.us-east1,ncbi.public,s3.us-east-1",SRX1739429,GSM2141686,EU274,Non-infected,Illumina HiSeq 2500,SINGLE,cDNA,TRANSCRIPTOMIC,Homo sapiens,ILLUMINA,2016-09-07T00:00:00Z,2016-05-03T10:59:00Z,1,GSM2141686,Macrophages,SRP074274,2 hr
SRR3472072,RNA-Seq,101,4129232187,PRJNA320361,SAMN04933104,1436976648,macrophage,GEO,public,"fastq,run.zq,sra","gs,ncbi,s3","gs.us-east1,ncbi.public,s3.us-east-1",SRX1739430,GSM2141687,EU274,Salmonella,Illumina HiSeq 2500,SINGLE,cDNA,TRANSCRIPTOMIC,Homo sapiens,ILLUMINA,2016-09-07T00:00:00Z,2016-05-03T10:59:00Z,1,GSM2141687,Macrophages,SRP074274,2 hr
SRR3472073,RNA-Seq,101,3320653760,PRJNA320361,SAMN04933105,1156654528,macrophage,GEO,public,"fastq,run.zq,sra","gs,ncbi,s3","gs.us-east1,ncbi.public,s3.us-east-1",SRX1739431,GSM2141688,EU276,Listeria,Illumina HiSeq 2500,SINGLE,cDNA,TRANSCRIPTOMIC,Homo sapiens,ILLUMINA,2016-09-07T00:00:00Z,2016-05-03T10:52:00Z,1,GSM2141688,Macrophages,SRP074274,2 hr
SRR3472074,RNA-Seq,101,3167252839,PRJNA320361,SAMN04933106,1110657935,macrophage,GEO,public,"fastq,run.zq,sra","gs,ncbi,s3","gs.us-east1,ncbi.public,s3.us-east-1",SRX1739432,GSM2141689,EU276,Non-infected,Illumina HiSeq 2500,SINGLE,cDNA,TRANSCRIPTOMIC,Homo sapiens,ILLUMINA,2016-09-07T00:00:00Z,2016-05-03T10:53:00Z,1,GSM2141689,Macrophages,SRP074274,2 hr
SRR3472075,RNA-Seq,101,3506029160,PRJNA320361,SAMN04933107,1233920568,macrophage,GEO,public,"fastq,run.zq,sra","gs,ncbi,s3","gs.us-east1,ncbi.public,s3.us-east-1",SRX1739433,GSM2141690,EU276,Salmonella,Illumina HiSeq 2500,SINGLE,cDNA,TRANSCRIPTOMIC,Homo sapiens,ILLUMINA,2016-09-07T00:00:00Z,2016-05-03T11:05:00Z,1,GSM2141690,Macrophages,SRP074274,2 hr
SRR3472076,RNA-Seq,101,4215318527,PRJNA320361,SAMN04933108,1475707244,macrophage,GEO,public,"fastq,run.zq,sra","gs,ncbi,s3","gs.us-east1,ncbi.public,s3.us-east-1",SRX1739434,GSM2141691,EU278,Listeria,Illumina HiSeq 2500,SINGLE,cDNA,TRANSCRIPTOMIC,Homo sapiens,ILLUMINA,2016-09-07T00:00:00Z,2016-05-03T10:55:00Z,1,GSM2141691,Macrophages,SRP074274,2 hr
SRR3472077,RNA-Seq,101,4163668339,PRJNA320361,SAMN04933109,1452874500,macrophage,GEO,public,"fastq,run.zq,sra","gs,ncbi,s3","gs.us-east1,ncbi.public,s3.us-east-1",SRX1739435,GSM2141692,EU278,Non-infected,Illumina HiSeq 2500,SINGLE,cDNA,TRANSCRIPTOMIC,Homo sapiens,ILLUMINA,2016-09-07T00:00:00Z,2016-05-03T10:52:00Z,1,GSM2141692,Macrophages,SRP074274,2 hr
SRR3472078,RNA-Seq,101,4309245295,PRJNA320361,SAMN04933110,1512822078,macrophage,GEO,public,"fastq,run.zq,sra","gs,ncbi,s3","gs.us-east1,ncbi.public,s3.us-east-1",SRX1739436,GSM2141693,EU278,Salmonella,Illumina HiSeq 2500,SINGLE,cDNA,TRANSCRIPTOMIC,Homo sapiens,ILLUMINA,2016-09-07T00:00:00Z,2016-05-03T10:53:00Z,1,GSM2141693,Macrophages,SRP074274,2 hr
SRR3472079,RNA-Seq,101,3799251956,PRJNA320361,SAMN04933111,1308185202,macrophage,GEO,public,"fastq,run.zq,sra","gs,ncbi,s3","gs.us-east1,ncbi.public,s3.us-east-1",SRX1739437,GSM2141694,EU280,Listeria,Illumina HiSeq 2500,SINGLE,cDNA,TRANSCRIPTOMIC,Homo sapiens,ILLUMINA,2016-09-07T00:00:00Z,2016-05-03T11:00:00Z,1,GSM2141694,Macrophages,SRP074274,2 hr
SRR3472080,RNA-Seq,101,4054614195,PRJNA320361,SAMN04933112,1399676864,macrophage,GEO,public,"fastq,run.zq,sra","gs,ncbi,s3","gs.us-east1,ncbi.public,s3.us-east-1",SRX1739438,GSM2141695,EU280,Non-infected,Illumina HiSeq 2500,SINGLE,cDNA,TRANSCRIPTOMIC,Homo sapiens,ILLUMINA,2016-09-07T00:00:00Z,2016-05-03T10:56:00Z,1,GSM2141695,Macrophages,SRP074274,2 hr
SRR3472081,RNA-Seq,101,4156514206,PRJNA320361,SAMN04933113,1426717376,macrophage,GEO,public,"fastq,run.zq,sra","gs,ncbi,s3","gs.us-east1,ncbi.public,s3.us-east-1",SRX1739439,GSM2141696,EU280,Salmonella,Illumina HiSeq 2500,SINGLE,cDNA,TRANSCRIPTOMIC,Homo sapiens,ILLUMINA,2016-09-07T00:00:00Z,2016-05-03T10:54:00Z,1,GSM2141696,Macrophages,SRP074274,2 hr
SRR3472082,RNA-Seq,101,3480901673,PRJNA320361,SAMN04933114,1204610696,macrophage,GEO,public,"fastq,run.zq,sra","gs,ncbi,s3","gs.us-east1,ncbi.public,s3.us-east-1",SRX1739440,GSM2141697,EU282,Listeria,Illumina HiSeq 2500,SINGLE,cDNA,TRANSCRIPTOMIC,Homo sapiens,ILLUMINA,2016-09-07T00:00:00Z,2016-05-03T10:54:00Z,1,GSM2141697,Macrophages,SRP074274,2 hr
SRR3472083,RNA-Seq,101,3611027952,PRJNA320361,SAMN04933115,1247323646,macrophage,GEO,public,"fastq,run.zq,sra","gs,ncbi,s3","gs.us-east1,ncbi.public,s3.us-east-1",SRX1739441,GSM2141698,EU282,Non-infected,Illumina HiSeq 2500,SINGLE,cDNA,TRANSCRIPTOMIC,Homo sapiens,ILLUMINA,2016-09-07T00:00:00Z,2016-05-03T10:53:00Z,1,GSM2141698,Macrophages,SRP074274,2 hr
SRR3472084,RNA-Seq,101,3471943175,PRJNA320361,SAMN04933116,1198333519,macrophage,GEO,public,"fastq,run.zq,sra","gs,ncbi,s3","gs.us-east1,ncbi.public,s3.us-east-1",SRX1739442,GSM2141699,EU282,Salmonella,Illumina HiSeq 2500,SINGLE,cDNA,TRANSCRIPTOMIC,Homo sapiens,ILLUMINA,2016-09-07T00:00:00Z,2016-05-03T10:53:00Z,1,GSM2141699,Macrophages,SRP074274,2 hr
SRR3472085,RNA-Seq,101,3995551718,PRJNA320361,SAMN04933117,1397808422,macrophage,GEO,public,"fastq,run.zq,sra","gs,ncbi,s3","gs.us-east1,ncbi.public,s3.us-east-1",SRX1739443,GSM2141700,EU284,Listeria,Illumina HiSeq 2500,SINGLE,cDNA,TRANSCRIPTOMIC,Homo sapiens,ILLUMINA,2016-09-07T00:00:00Z,2016-05-03T10:54:00Z,1,GSM2141700,Macrophages,SRP074274,2 hr
SRR3472086,RNA-Seq,101,3844941225,PRJNA320361,SAMN04933118,1348464421,macrophage,GEO,public,"fastq,run.zq,sra","gs,ncbi,s3","gs.us-east1,ncbi.public,s3.us-east-1",SRX1739444,GSM2141701,EU284,Non-infected,Illumina HiSeq 2500,SINGLE,cDNA,TRANSCRIPTOMIC,Homo sapiens,ILLUMINA,2016-09-07T00:00:00Z,2016-05-03T10:54:00Z,1,GSM2141701,Macrophages,SRP074274,2 hr
SRR3472087,RNA-Seq,101,3985222347,PRJNA320361,SAMN04933119,1403633063,macrophage,GEO,public,"fastq,run.zq,sra","gs,ncbi,s3","gs.us-east1,ncbi.public,s3.us-east-1",SRX1739445,GSM2141702,EU284,Salmonella,Illumina HiSeq 2500,SINGLE,cDNA,TRANSCRIPTOMIC,Homo sapiens,ILLUMINA,2016-09-07T00:00:00Z,2016-05-03T10:55:00Z,1,GSM2141702,Macrophages,SRP074274,2 hr
SRR3472088,RNA-Seq,101,3844923449,PRJNA320361,SAMN04933120,1321891484,macrophage,GEO,public,"fastq,run.zq,sra","gs,ncbi,s3","gs.us-east1,ncbi.public,s3.us-east-1",SRX1739446,GSM2141703,EU286,Listeria,Illumina HiSeq 2500,SINGLE,cDNA,TRANSCRIPTOMIC,Homo sapiens,ILLUMINA,2016-09-07T00:00:00Z,2016-05-03T10:54:00Z,1,GSM2141703,Macrophages,SRP074274,2 hr
SRR3472089,RNA-Seq,101,3523921209,PRJNA320361,SAMN04933121,1216072675,macrophage,GEO,public,"fastq,run.zq,sra","gs,ncbi,s3","gs.us-east1,ncbi.public,s3.us-east-1",SRX1739447,GSM2141704,EU286,Non-infected,Illumina HiSeq 2500,SINGLE,cDNA,TRANSCRIPTOMIC,Homo sapiens,ILLUMINA,2016-09-07T00:00:00Z,2016-05-03T10:53:00Z,1,GSM2141704,Macrophages,SRP074274,2 hr
SRR3472090,RNA-Seq,101,3750699337,PRJNA320361,SAMN04933122,1297793644,macrophage,GEO,public,"fastq,run.zq,sra","gs,ncbi,s3","gs.us-east1,ncbi.public,s3.us-east-1",SRX1739448,GSM2141705,EU286,Salmonella,Illumina HiSeq 2500,SINGLE,cDNA,TRANSCRIPTOMIC,Homo sapiens,ILLUMINA,2016-09-07T00:00:00Z,2016-05-03T10:59:00Z,1,GSM2141705,Macrophages,SRP074274,2 hr
SRR3472091,RNA-Seq,101,4234351876,PRJNA320361,SAMN04933123,1472878130,macrophage,GEO,public,"fastq,run.zq,sra","gs,ncbi,s3","gs.us-east1,ncbi.public,s3.us-east-1",SRX1739449,GSM2141706,EU288,Listeria,Illumina HiSeq 2500,SINGLE,cDNA,TRANSCRIPTOMIC,Homo sapiens,ILLUMINA,2016-09-07T00:00:00Z,2016-05-03T10:55:00Z,1,GSM2141706,Macrophages,SRP074274,2 hr
SRR3472092,RNA-Seq,101,4226360958,PRJNA320361,SAMN04933124,1464716530,macrophage,GEO,public,"fastq,run.zq,sra","gs,ncbi,s3","gs.us-east1,ncbi.public,s3.us-east-1",SRX1739450,GSM2141707,EU288,Non-infected,Illumina HiSeq 2500,SINGLE,cDNA,TRANSCRIPTOMIC,Homo sapiens,ILLUMINA,2016-09-07T00:00:00Z,2016-05-03T10:57:00Z,1,GSM2141707,Macrophages,SRP074274,2 hr
SRR3472093,RNA-Seq,101,3850924869,PRJNA320361,SAMN04933125,1346603434,macrophage,GEO,public,"fastq,run.zq,sra","gs,ncbi,s3","gs.us-east1,ncbi.public,s3.us-east-1",SRX1739451,GSM2141708,EU288,Salmonella,Illumina HiSeq 2500,SINGLE,cDNA,TRANSCRIPTOMIC,Homo sapiens,ILLUMINA,2016-09-07T00:00:00Z,2016-05-03T10:55:00Z,1,GSM2141708,Macrophages,SRP074274,2 hr
SRR3472094,RNA-Seq,101,4199484757,PRJNA320361,SAMN04933126,1480636937,macrophage,GEO,public,"fastq,run.zq,sra","gs,ncbi,s3","gs.us-east1,ncbi.public,s3.us-east-1",SRX1739452,GSM2141709,EU290,Listeria,Illumina HiSeq 2500,SINGLE,cDNA,TRANSCRIPTOMIC,Homo sapiens,ILLUMINA,2016-09-07T00:00:00Z,2016-05-03T10:54:00Z,1,GSM2141709,Macrophages,SRP074274,2 hr
SRR3472095,RNA-Seq,101,4428638001,PRJNA320361,SAMN04933127,1560823104,macrophage,GEO,public,"fastq,run.zq,sra","gs,ncbi,s3","gs.us-east1,ncbi.public,s3.us-east-1",SRX1739453,GSM2141710,EU290,Non-infected,Illumina HiSeq 2500,SINGLE,cDNA,TRANSCRIPTOMIC,Homo sapiens,ILLUMINA,2016-09-07T00:00:00Z,2016-05-03T10:56:00Z,1,GSM2141710,Macrophages,SRP074274,2 hr
SRR3472096,RNA-Seq,101,3693825833,PRJNA320361,SAMN04933128,1301916013,macrophage,GEO,public,"fastq,run.zq,sra","gs,ncbi,s3","gs.us-east1,ncbi.public,s3.us-east-1",SRX1739454,GSM2141711,EU290,Salmonella,Illumina HiSeq 2500,SINGLE,cDNA,TRANSCRIPTOMIC,Homo sapiens,ILLUMINA,2016-09-07T00:00:00Z,2016-05-03T11:02:00Z,1,GSM2141711,Macrophages,SRP074274,2 hr
SRR3472097,RNA-Seq,101,4601296188,PRJNA320361,SAMN04933129,1659045524,macrophage,GEO,public,"fastq,run.zq,sra","gs,ncbi,s3","gs.us-east1,ncbi.public,s3.us-east-1",SRX1739455,GSM2141712,EU294,Listeria,Illumina HiSeq 2500,SINGLE,cDNA,TRANSCRIPTOMIC,Homo sapiens,ILLUMINA,2016-09-07T00:00:00Z,2016-05-03T11:02:00Z,1,GSM2141712,Macrophages,SRP074274,2 hr
SRR3472098,RNA-Seq,101,4179082555,PRJNA320361,SAMN04933130,1511102133,macrophage,GEO,public,"fastq,run.zq,sra","gs,ncbi,s3","gs.us-east1,ncbi.public,s3.us-east-1",SRX1739456,GSM2141713,EU294,Non-infected,Illumina HiSeq 2500,SINGLE,cDNA,TRANSCRIPTOMIC,Homo sapiens,ILLUMINA,2016-09-07T00:00:00Z,2016-05-03T10:56:00Z,1,GSM2141713,Macrophages,SRP074274,2 hr
SRR3472099,RNA-Seq,101,4569113043,PRJNA320361,SAMN04932986,1653196504,macrophage,GEO,public,"fastq,run.zq,sra","gs,ncbi,s3","gs.us-east1,ncbi.public,s3.us-east-1",SRX1739457,GSM2141714,EU294,Salmonella,Illumina HiSeq 2500,SINGLE,cDNA,TRANSCRIPTOMIC,Homo sapiens,ILLUMINA,2016-09-07T00:00:00Z,2016-05-03T10:56:00Z,1,GSM2141714,Macrophages,SRP074274,2 hr
SRR3472100,RNA-Seq,101,4902176703,PRJNA320361,SAMN04932987,1752678488,macrophage,GEO,public,"fastq,run.zq,sra","gs,ncbi,s3","gs.us-east1,ncbi.public,s3.us-east-1",SRX1739458,GSM2141715,EU296,Listeria,Illumina HiSeq 2500,SINGLE,cDNA,TRANSCRIPTOMIC,Homo sapiens,ILLUMINA,2016-09-07T00:00:00Z,2016-05-03T10:57:00Z,1,GSM2141715,Macrophages,SRP074274,2 hr
SRR3472101,RNA-Seq,101,4735292484,PRJNA320361,SAMN04932988,1698772734,macrophage,GEO,public,"fastq,run.zq,sra","gs,ncbi,s3","gs.us-east1,ncbi.public,s3.us-east-1",SRX1739459,GSM2141716,EU296,Non-infected,Illumina HiSeq 2500,SINGLE,cDNA,TRANSCRIPTOMIC,Homo sapiens,ILLUMINA,2016-09-07T00:00:00Z,2016-05-03T11:01:00Z,1,GSM2141716,Macrophages,SRP074274,2 hr
SRR3472102,RNA-Seq,101,4543280273,PRJNA320361,SAMN04932989,1631516950,macrophage,GEO,public,"fastq,run.zq,sra","gs,ncbi,s3","gs.us-east1,ncbi.public,s3.us-east-1",SRX1739460,GSM2141717,EU296,Salmonella,Illumina HiSeq 2500,SINGLE,cDNA,TRANSCRIPTOMIC,Homo sapiens,ILLUMINA,2016-09-07T00:00:00Z,2016-05-03T10:55:00Z,1,GSM2141717,Macrophages,SRP074274,2 hr
SRR3472103,RNA-Seq,101,3474726634,PRJNA320361,SAMN04932990,1194372043,macrophage,GEO,public,"fastq,run.zq,sra","gs,ncbi,s3","gs.us-east1,ncbi.public,s3.us-east-1",SRX1739461,GSM2141718,EU298,Listeria,Illumina HiSeq 2500,SINGLE,cDNA,TRANSCRIPTOMIC,Homo sapiens,ILLUMINA,2016-09-07T00:00:00Z,2016-05-03T10:54:00Z,1,GSM2141718,Macrophages,SRP074274,2 hr
SRR3472104,RNA-Seq,101,3872051645,PRJNA320361,SAMN04932991,1330947306,macrophage,GEO,public,"fastq,run.zq,sra","gs,ncbi,s3","gs.us-east1,ncbi.public,s3.us-east-1",SRX1739462,GSM2141719,EU298,Non-infected,Illumina HiSeq 2500,SINGLE,cDNA,TRANSCRIPTOMIC,Homo sapiens,ILLUMINA,2016-09-07T00:00:00Z,2016-05-03T10:56:00Z,1,GSM2141719,Macrophages,SRP074274,2 hr
SRR3472105,RNA-Seq,101,3336063532,PRJNA320361,SAMN04932992,1164124784,macrophage,GEO,public,"fastq,run.zq,sra","gs,ncbi,s3","gs.us-east1,ncbi.public,s3.us-east-1",SRX1739463,GSM2141720,EU298,Salmonella,Illumina HiSeq 2500,SINGLE,cDNA,TRANSCRIPTOMIC,Homo sapiens,ILLUMINA,2016-09-07T00:00:00Z,2016-05-03T10:55:00Z,1,GSM2141720,Macrophages,SRP074274,2 hr
SRR3472106,RNA-Seq,101,3768996194,PRJNA320361,SAMN04932993,1307288653,macrophage,GEO,public,"fastq,run.zq,sra","gs,ncbi,s3","gs.us-east1,ncbi.public,s3.us-east-1",SRX1739464,GSM2141721,EU300,Listeria,Illumina HiSeq 2500,SINGLE,cDNA,TRANSCRIPTOMIC,Homo sapiens,ILLUMINA,2016-09-07T00:00:00Z,2016-05-03T10:54:00Z,1,GSM2141721,Macrophages,SRP074274,2 hr
SRR3472107,RNA-Seq,101,3897918957,PRJNA320361,SAMN04932994,1351100761,macrophage,GEO,public,"fastq,run.zq,sra","gs,ncbi,s3","gs.us-east1,ncbi.public,s3.us-east-1",SRX1739465,GSM2141722,EU300,Non-infected,Illumina HiSeq 2500,SINGLE,cDNA,TRANSCRIPTOMIC,Homo sapiens,ILLUMINA,2016-09-07T00:00:00Z,2016-05-03T10:54:00Z,1,GSM2141722,Macrophages,SRP074274,2 hr
SRR3472108,RNA-Seq,101,3223640735,PRJNA320361,SAMN04932995,1151211882,macrophage,GEO,public,"fastq,run.zq,sra","gs,ncbi,s3","gs.us-east1,ncbi.public,s3.us-east-1",SRX1739466,GSM2141723,EU300,Salmonella,Illumina HiSeq 2500,SINGLE,cDNA,TRANSCRIPTOMIC,Homo sapiens,ILLUMINA,2016-09-07T00:00:00Z,2016-05-03T10:55:00Z,1,GSM2141723,Macrophages,SRP074274,2 hr
SRR3472109,RNA-Seq,101,4356379975,PRJNA320361,SAMN04932996,2223930360,macrophage,GEO,public,"fastq,run.zq,sra","gs,ncbi,s3","gs.us-east1,ncbi.public,s3.us-east-1",SRX1739467,GSM2141724,EU302,Listeria,Illumina HiSeq 2500,SINGLE,cDNA,TRANSCRIPTOMIC,Homo sapiens,ILLUMINA,2016-09-07T00:00:00Z,2016-05-03T10:58:00Z,1,GSM2141724,Macrophages,SRP074274,2 hr
SRR3472110,RNA-Seq,101,3736001918,PRJNA320361,SAMN04932997,1897805329,macrophage,GEO,public,"fastq,run.zq,sra","gs,ncbi,s3","gs.us-east1,ncbi.public,s3.us-east-1",SRX1739468,GSM2141725,EU302,Non-infected,Illumina HiSeq 2500,SINGLE,cDNA,TRANSCRIPTOMIC,Homo sapiens,ILLUMINA,2016-09-07T00:00:00Z,2016-05-03T10:57:00Z,1,GSM2141725,Macrophages,SRP074274,2 hr
SRR3472111,RNA-Seq,101,4380512814,PRJNA320361,SAMN04932998,2220800631,macrophage,GEO,public,"fastq,run.zq,sra","gs,ncbi,s3","gs.us-east1,ncbi.public,s3.us-east-1",SRX1739469,GSM2141726,EU302,Salmonella,Illumina HiSeq 2500,SINGLE,cDNA,TRANSCRIPTOMIC,Homo sapiens,ILLUMINA,2016-09-07T00:00:00Z,2016-05-03T10:58:00Z,1,GSM2141726,Macrophages,SRP074274,2 hr
SRR3472112,RNA-Seq,101,4382192242,PRJNA320361,SAMN04932999,2223510296,macrophage,GEO,public,"fastq,run.zq,sra","gs,ncbi,s3","gs.us-east1,ncbi.public,s3.us-east-1",SRX1739470,GSM2141727,EU306,Listeria,Illumina HiSeq 2500,SINGLE,cDNA,TRANSCRIPTOMIC,Homo sapiens,ILLUMINA,2016-09-07T00:00:00Z,2016-05-03T11:05:00Z,1,GSM2141727,Macrophages,SRP074274,2 hr
SRR3472113,RNA-Seq,101,4395636958,PRJNA320361,SAMN04933000,2223885474,macrophage,GEO,public,"fastq,run.zq,sra","gs,ncbi,s3","gs.us-east1,ncbi.public,s3.us-east-1",SRX1739471,GSM2141728,EU306,Non-infected,Illumina HiSeq 2500,SINGLE,cDNA,TRANSCRIPTOMIC,Homo sapiens,ILLUMINA,2016-09-07T00:00:00Z,2016-05-03T10:58:00Z,1,GSM2141728,Macrophages,SRP074274,2 hr
SRR3472114,RNA-Seq,101,4215392459,PRJNA320361,SAMN04933001,2142763220,macrophage,GEO,public,"fastq,run.zq,sra","gs,ncbi,s3","gs.us-east1,ncbi.public,s3.us-east-1",SRX1739472,GSM2141729,EU306,Salmonella,Illumina HiSeq 2500,SINGLE,cDNA,TRANSCRIPTOMIC,Homo sapiens,ILLUMINA,2016-09-07T00:00:00Z,2016-05-03T10:59:00Z,1,GSM2141729,Macrophages,SRP074274,2 hr
SRR3472115,RNA-Seq,100,3198415300,PRJNA320361,SAMN04933002,2150377522,macrophage,GEO,public,"fastq,run.zq,sra","gs,ncbi,s3","gs.us-east1,ncbi.public,s3.us-east-1",SRX1739473,GSM2141730,EU40,Listeria,Illumina HiSeq 2000,SINGLE,cDNA,TRANSCRIPTOMIC,Homo sapiens,ILLUMINA,2016-09-07T00:00:00Z,2016-05-03T10:56:00Z,1,GSM2141730,Macrophages,SRP074274,2 hr
SRR3472116,RNA-Seq,101,3429502167,PRJNA320361,SAMN04933003,1216602623,macrophage,GEO,public,"fastq,run.zq,sra","gs,ncbi,s3","gs.us-east1,ncbi.public,s3.us-east-1",SRX1739474,GSM2141731,EU40,Non-infected,Illumina HiSeq 2000,SINGLE,cDNA,TRANSCRIPTOMIC,Homo sapiens,ILLUMINA,2016-09-07T00:00:00Z,2016-05-03T11:02:00Z,1,GSM2141731,Macrophages,SRP074274,2 hr
SRR3472117,RNA-Seq,100,4138338900,PRJNA320361,SAMN04933004,2761956919,macrophage,GEO,public,"fastq,run.zq,sra","gs,ncbi,s3","gs.us-east1,ncbi.public,s3.us-east-1",SRX1739475,GSM2141732,EU40,Salmonella,Illumina HiSeq 2500,SINGLE,cDNA,TRANSCRIPTOMIC,Homo sapiens,ILLUMINA,2016-09-07T00:00:00Z,2016-05-03T10:58:00Z,1,GSM2141732,Macrophages,SRP074274,2 hr
SRR3472118,RNA-Seq,100,2623761400,PRJNA320361,SAMN04933005,1858662174,macrophage,GEO,public,"fastq,run.zq,sra","gs,ncbi,s3","gs.us-east1,ncbi.public,s3.us-east-1",SRX1739476,GSM2141733,EU56,Listeria,Illumina HiSeq 2000,SINGLE,cDNA,TRANSCRIPTOMIC,Homo sapiens,ILLUMINA,2016-09-07T00:00:00Z,2016-05-03T11:00:00Z,1,GSM2141733,Macrophages,SRP074274,2 hr
SRR3472119,RNA-Seq,100,3797481900,PRJNA320361,SAMN04933006,2686063267,macrophage,GEO,public,"fastq,run.zq,sra","gs,ncbi,s3","gs.us-east1,ncbi.public,s3.us-east-1",SRX1739477,GSM2141734,EU56,Non-infected,Illumina HiSeq 2000,SINGLE,cDNA,TRANSCRIPTOMIC,Homo sapiens,ILLUMINA,2016-09-07T00:00:00Z,2016-05-03T10:56:00Z,1,GSM2141734,Macrophages,SRP074274,2 hr
SRR3472120,RNA-Seq,101,3585628775,PRJNA320361,SAMN04933007,1265237242,macrophage,GEO,public,"fastq,run.zq,sra","gs,ncbi,s3","gs.us-east1,ncbi.public,s3.us-east-1",SRX1739478,GSM2141735,EU56,Salmonella,Illumina HiSeq 2500,SINGLE,cDNA,TRANSCRIPTOMIC,Homo sapiens,ILLUMINA,2016-09-07T00:00:00Z,2016-05-03T10:55:00Z,1,GSM2141735,Macrophages,SRP074274,2 hr
SRR3472121,RNA-Seq,101,4126234810,PRJNA320361,SAMN04933008,1886140376,macrophage,GEO,public,"fastq,run.zq,sra","gs,ncbi,s3","gs.us-east1,ncbi.public,s3.us-east-1",SRX1739479,GSM2141736,EU96,Listeria,Illumina HiSeq 2500,SINGLE,cDNA,TRANSCRIPTOMIC,Homo sapiens,ILLUMINA,2016-09-07T00:00:00Z,2016-05-03T10:57:00Z,1,GSM2141736,Macrophages,SRP074274,2 hr
SRR3472122,RNA-Seq,101,3538776491,PRJNA320361,SAMN04933009,1619649676,macrophage,GEO,public,"fastq,run.zq,sra","gs,ncbi,s3","gs.us-east1,ncbi.public,s3.us-east-1",SRX1739480,GSM2141737,EU96,Non-infected,Illumina HiSeq 2500,SINGLE,cDNA,TRANSCRIPTOMIC,Homo sapiens,ILLUMINA,2016-09-07T00:00:00Z,2016-05-03T10:55:00Z,1,GSM2141737,Macrophages,SRP074274,2 hr
SRR3472123,RNA-Seq,101,4087567768,PRJNA320361,SAMN04933010,1866789033,macrophage,GEO,public,"fastq,run.zq,sra","gs,ncbi,s3","gs.us-east1,ncbi.public,s3.us-east-1",SRX1739481,GSM2141738,EU96,Salmonella,Illumina HiSeq 2500,SINGLE,cDNA,TRANSCRIPTOMIC,Homo sapiens,ILLUMINA,2016-09-07T00:00:00Z,2016-05-03T10:56:00Z,1,GSM2141738,Macrophages,SRP074274,2 hr
